주종,추천 안주,페어링 구분
소주,김치찌개,클래식 조합
소주,부대찌개,클래식 조합
소주,감자탕,클래식 조합
소주,어묵탕(오뎅탕),클래식 조합
소주,알탕,클래식 조합
소주,조개탕,클래식 조합
소주,순두부찌개,클래식 조합
소주,곱창전골,클래식 조합
소주,삼겹살 구이,클래식 조합
소주,제육볶음,클래식 조합
소주,곱창/막창 구이,클래식 조합
소주,닭갈비,클래식 조합
소주,닭발,클래식 조합
소주,오돌뼈 볶음,클래식 조합
소주,두부김치,클래식 조합
소주,광어/우럭회,클래식 조합
소주,산낙지,클래식 조합
소주,오징어숙회,클래식 조합
소주,과메기,클래식 조합
소주,매운탕,클래식 조합
소주,골뱅이무침 소면,클래식 조합
소주,순대와 내장,클래식 조합
맥주,후라이드 치킨,클래식 조합
맥주,감자튀김(프렌치 프라이),클래식 조합
맥주,오징어튀김,클래식 조합
맥주,새우튀김,클래식 조합
맥주,치즈스틱,클래식 조합
맥주,어니언링,클래식 조합
맥주,먹태/노가리 구이,클래식 조합
맥주,쥐포,클래식 조합
맥주,육포,클래식 조합
맥주,믹스넛,클래식 조합
맥주,김부각,클래식 조합
맥주,페퍼로니 피자,클래식 조합
맥주,콤비네이션 피자,클래식 조합
맥주,나초,클래식 조합
맥주,소시지 구이,클래식 조합
맥주,닭꼬치(야키토리),클래식 조합
양주,치즈 플래터,클래식 조합
양주,과일 플래터,클래식 조합
양주,샤인머스캣,클래식 조합
양주,하몽과 멜론,클래식 조합
양주,다크 초콜릿,클래식 조합
양주,견과류,클래식 조합
양주,비스킷,클래식 조합
양주,아이스크림,클래식 조합
양주,스테이크,클래식 조합
양주,찹스테이크,클래식 조합
양주,카프레제 샐러드,클래식 조합
양주,올리브 절임,클래식 조합
양주,훈제 연어,클래식 조합
레드 와인,스테이크,클래식 조합
레드 와인,로스트 비프,클래식 조합
레드 와인,갈비찜,트렌드 조합
레드 와인,불고기,클래식 조합
레드 와인,양갈비,트렌드 조합
레드 와인,햄버그 스테이크,클래식 조합
레드 와인,숙성 치즈,클래식 조합
레드 와인,라자냐,클래식 조합
레드 와인,토마토 기반 파스타,클래식 조합
레드 와인,하몽/살라미,클래식 조합
화이트 와인,생선회,클래식 조합
화이트 와인,생선구이,클래식 조합
화이트 와인,해산물 스튜,클래식 조합
화이트 와인,감바스 알 아히요,클래식 조합
화이트 와인,봉골레 파스타,클래식 조합
화이트 와인,굴,클래식 조합
화이트 와인,로스트 치킨,클래식 조합
화이트 와인,닭가슴살 샐러드,클래식 조합
화이트 와인,리코타 치즈 샐러드,클래식 조합
화이트 와인,카프레제,클래식 조합
스파클링 와인,카나페,클래식 조합
스파클링 와인,신선한 과일(딸기),클래식 조합
스파클링 와인,샐러드,클래식 조합
스파클링 와인,가벼운 튀김,클래식 조합
스파클링 와인,브런치 메뉴,클래식 조합
막걸리,해물파전,클래식 조합
막걸리,김치전,클래식 조합
막걸리,감자전,클래식 조합
막걸리,녹두전,클래식 조합
막걸리,육전,클래식 조합
막걸리,모듬전,클래식 조합
막걸리,두부김치,클래식 조합
막걸리,도토리묵 무침,클래식 조합
막걸리,모두부,클래식 조합
막걸리,보쌈,클래식 조합
막걸리,홍어삼합,클래식 조합
막걸리,골뱅이무침,클래식 조합
막걸리,족발,클래식 조합
기타,가라아게(일본식 닭튀김),클래식 조합
기타,타코야끼,클래식 조합
기타,야키토리,클래식 조합
기타,돈까스,클래식 조합
기타,고로케,클래식 조합
기타,감자튀김,클래식 조합
기타,나초와 살사/과카몰리,클래식 조합
기타,올리브,클래식 조합
기타,타코,클래식 조합
기타,퀘사디아,클래식 조합
기타,스시/사시미,클래식 조합
기타,메로구이,클래식 조합
소주,어묵탕,클래식 조합
소주,뼈해장국,클래식 조합
소주,순댓국,클래식 조합
소주,동태탕,클래식 조합
소주,홍합탕,클래식 조합
소주,국물떡볶이,클래식 조합
소주,닭발볶음,클래식 조합
소주,순대볶음,클래식 조합
소주,곱창볶음,클래식 조합
소주,오징어볶음,클래식 조합
소주,조개류 (탕이나 무침),클래식 조합
소주,골뱅이무침,클래식 조합
소주,닭찜,클래식 조합
소주,굴전,클래식 조합
소주,완자탕,클래식 조합
소주,김부각,클래식 조합
소주,장어구이,클래식 조합
맥주,치킨,클래식 조합
맥주,감자튀김,클래식 조합
맥주,닭강정,클래식 조합
맥주,만두강정,클래식 조합
맥주,쥐포구이,클래식 조합
맥주,함박스테이크,클래식 조합
맥주,소시지야채볶음,클래식 조합
맥주,베이컨 숙주볶음,클래식 조합
맥주,피자,클래식 조합
맥주,햄버거,클래식 조합
맥주,핫도그,클래식 조합
맥주,마른 오징어,클래식 조합
맥주,샐러드,클래식 조합
맥주,치즈스팸 구이,클래식 조합
맥주,팽이버섯구이,클래식 조합
맥주,차돌박이 숙주볶음,클래식 조합
맥주,골뱅이 마늘볶음,클래식 조합
맥주,새우강정,클래식 조합
맥주,고구마치즈스틱,클래식 조합
맥주,양송이치즈구이,클래식 조합
맥주,감바스,클래식 조합
맥주,삼치스테이크,클래식 조합
막걸리,파전,클래식 조합
막걸리,깻잎부추전,클래식 조합
막걸리,도토리묵전,클래식 조합
막걸리,김치찌개,클래식 조합
막걸리,돼지 두루치기,클래식 조합
막걸리,제육볶음,클래식 조합
막걸리,도토리묵무침,클래식 조합
막걸리,수육,클래식 조합
막걸리,편육,클래식 조합
레드 와인,돼지고기 요리,클래식 조합
레드 와인,보쌈,클래식 조합
레드 와인,수육,트렌드 조합
레드 와인,피자,클래식 조합
레드 와인,파스타,클래식 조합
레드 와인,육포,클래식 조합
레드 와인,햄,클래식 조합
레드 와인,소시지,클래식 조합
레드 와인,살라미,클래식 조합
레드 와인,백김치,트렌드 조합
레드 와인,양념이 진한 김치,트렌드 조합
레드 와인,견과류,클래식 조합
레드 와인,아몬드,클래식 조합
레드 와인,빵,클래식 조합
화이트 와인,초밥,클래식 조합
화이트 와인,회,클래식 조합
화이트 와인,해산물 요리,클래식 조합
화이트 와인,조개찜,클래식 조합
화이트 와인,해산물 파스타,클래식 조합
화이트 와인,닭가슴살,클래식 조합
화이트 와인,샐러드,클래식 조합
화이트 와인,캔참치,클래식 조합
화이트 와인,백김치,클래식 조합
화이트 와인,어묵류,클래식 조합
화이트 와인,생라면,클래식 조합
화이트 와인,감자칩,클래식 조합
위스키/증류주,훈제 오리,클래식 조합
위스키/증류주,훈제 치즈,클래식 조합
위스키/증류주,그릴 스테이크,클래식 조합
위스키/증류주,올리브,클래식 조합
위스키/증류주,너트류,클래식 조합
위스키/증류주,바비큐립,클래식 조합
위스키/증류주,햄버거,클래식 조합
위스키/증류주,치킨윙,클래식 조합
위스키/증류주,초콜릿,클래식 조합
위스키/증류주,피자,클래식 조합
위스키/증류주,감자튀김,클래식 조합
위스키/증류주,나초,클래식 조합
위스키/증류주,브리/까망베르 치즈,클래식 조합
위스키/증류주,애플파이,클래식 조합
위스키/증류주,카라멜 푸딩,클래식 조합
위스키/증류주,사시미,클래식 조합
위스키/증류주,타다키,클래식 조합
위스키/증류주,야키토리,클래식 조합
위스키/증류주,에다마메,클래식 조합
위스키/증류주,해조류,클래식 조합
위스키/증류주,석화,클래식 조합
위스키/증류주,해산물,클래식 조합
위스키/증류주,크림 브륄레,클래식 조합
위스키/증류주,애플 크럼블,클래식 조합
위스키/증류주,치즈 케이크,클래식 조합
위스키/증류주,살라미,클래식 조합
위스키/증류주,하몽,클래식 조합
위스키/증류주,플레인 크래커,클래식 조합
위스키/증류주,다크 초콜릿,클래식 조합
칵테일,민물새우튀김,클래식 조합
칵테일,마스카포네 치즈,클래식 조합
칵테일,구운 홈런볼,클래식 조합
칵테일,양송이 까나페,클래식 조합
칵테일,야채 햄말이,클래식 조합
칵테일,과일 젤리,클래식 조합
칵테일,잣 곶감말이,클래식 조합
칵테일,버터갈릭새우,클래식 조합
청주/사케/전통주,생선회,클래식 조합
청주/사케/전통주,해산물 요리,클래식 조합
청주/사케/전통주,전복찜,클래식 조합
청주/사케/전통주,백숙,클래식 조합
청주/사케/전통주,나물 무침,클래식 조합
청주/사케/전통주,샐러드,클래식 조합
청주/사케/전통주,담백한 요리,클래식 조합
청주/사케/전통주,사시미,클래식 조합
청주/사케/전통주,스시,클래식 조합
청주/사케/전통주,오뎅탕,클래식 조합
청주/사케/전통주,조개술찜,클래식 조합
청주/사케/전통주,명란구이,클래식 조합
청주/사케/전통주,타코와사비,클래식 조합
청주/사케/전통주,오징어/가오리 지느러미 구이,클래식 조합
청주/사케/전통주,건어물,클래식 조합
청주/사케/전통주,냉두부,클래식 조합
청주/사케/전통주,크림치즈,클래식 조합
위스키/증류주,타코,클래식 조합
위스키/증류주,퀘사디아,클래식 조합
위스키/증류주,칠리,클래식 조합
위스키/증류주,똠양꿍,클래식 조합
위스키/증류주,새우 요리,클래식 조합
위스키/증류주,라임과 소금,클래식 조합
위스키/증류주,양꼬치,클래식 조합
위스키/증류주,훠궈,클래식 조합
위스키/증류주,탕수육,클래식 조합
위스키/증류주,라조기,클래식 조합
위스키/증류주,군만두,클래식 조합
위스키/증류주,중화요리,클래식 조합
위스키/증류주,마라 요리,클래식 조합
위스키/증류주,족발튀김,클래식 조합
위스키/증류주,동파육,클래식 조합
위스키/증류주,기름지고 향이 강한 음식,클래식 조합
청주/사케/전통주,모둠 채소,클래식 조합
청주/사케/전통주,고기 샐러드,클래식 조합
청주/사케/전통주,매운 해물볶음,클래식 조합
청주/사케/전통주,중화요리,클래식 조합
청주/사케/전통주,닭 모래집 마늘볶음,클래식 조합
청주/사케/전통주,간장 양념 요리,클래식 조합
청주/사케/전통주,맑은 해물탕,클래식 조합
청주/사케/전통주,회,클래식 조합
청주/사케/전통주,스테이크,클래식 조합
청주/사케/전통주,소갈비찜,클래식 조합
청주/사케/전통주,불고기,클래식 조합
청주/사케/전통주,장어구이,클래식 조합
청주/사케/전통주,간장게장,클래식 조합
청주/사케/전통주,생선찜/조림,클래식 조합
청주/사케/전통주,나물무침,클래식 조합
청주/사케/전통주,빵,클래식 조합
청주/사케/전통주,떡,클래식 조합
소주,된장찌개,클래식 조합
소주,갈비탕,클래식 조합
소주,설렁탕,클래식 조합
소주,닭볶음탕(닭도리탕),클래식 조합
소주,꽃게탕,클래식 조합
소주,해물탕,클래식 조합
소주,밀푀유나베,실용적 조합
소주,대창전골,클래식 조합
소주,만두전골,클래식 조합
소주,국물닭발,클래식 조합
소주,등갈비김치찜,클래식 조합
소주,어죽,클래식 조합
소주,몸국,클래식 조합
소주,매운당면찌개,클래식 조합
소주,냉이된장찌개,클래식 조합
소주,오돌뼈볶음,클래식 조합
소주,낙지볶음,클래식 조합
소주,쭈꾸미볶음,클래식 조합
소주,돼지김치볶음,클래식 조합
소주,불족발,클래식 조합
소주,소갈비찜,클래식 조합
소주,돼지갈비찜,클래식 조합
소주,안동찜닭,클래식 조합
소주,훈제오리구이,클래식 조합
소주,삼겹살구이,클래식 조합
소주,목살구이,클래식 조합
소주,항정살구이,클래식 조합
소주,갈매기살구이,클래식 조합
소주,대패삼겹살볶음,클래식 조합
소주,차돌박이숙주볶음,클래식 조합
소주,닭똥집볶음,클래식 조합
소주,곱창구이,클래식 조합
소주,막창구이,클래식 조합
소주,대창구이,클래식 조합
소주,꼼장어구이,클래식 조합
소주,더덕구이,클래식 조합
소주,황태구이,클래식 조합
소주,먹태구이,클래식 조합
소주,노가리구이,클래식 조합
소주,삼치구이,클래식 조합
소주,고등어구이,클래식 조합
소주,가자미구이,클래식 조합
소주,굴비구이,클래식 조합
소주,닭꼬치구이,클래식 조합
소주,염통꼬치구이,클래식 조합
소주,은행구이,클래식 조합
소주,마늘구이,클래식 조합
소주,소떡소떡,클래식 조합
소주,직화불고기,클래식 조합
소주,언양식불고기,클래식 조합
소주,광양식불고기,클래식 조합
소주,돼지껍데기볶음,클래식 조합
소주,마늘고추돼지갈비찜,클래식 조합
소주,쭈꾸미삼겹살,클래식 조합
소주,등갈비구이,클래식 조합
소주,도토리묵무침,클래식 조합
소주,오징어초무침,클래식 조합
소주,홍어삼합,클래식 조합
소주,육회,클래식 조합
소주,육사시미,실용적 조합
소주,문어숙회,클래식 조합
소주,편육,클래식 조합
소주,수육,클래식 조합
소주,족발,클래식 조합
소주,해물파전,클래식 조합
소주,김치전,클래식 조합
소주,감자전,클래식 조합
소주,부추전,클래식 조합
소주,깻잎전,클래식 조합
소주,육전,클래식 조합
소주,동그랑땡,클래식 조합
소주,꼬지전,클래식 조합
소주,호박전,클래식 조합
소주,두부전,클래식 조합
소주,명태전,클래식 조합
소주,빈대떡,클래식 조합
소주,메밀전병,클래식 조합
소주,잡채,클래식 조합
소주,간장게장,클래식 조합
소주,양념게장,클래식 조합
소주,새우장,클래식 조합
소주,콘치즈,클래식 조합
소주,계란찜,클래식 조합
소주,계란말이,클래식 조합
소주,번데기탕,클래식 조합
소주,닭발편육,클래식 조합
소주,소라무침,클래식 조합
소주,아보카도 참치,클래식 조합
소주,들기름 달걀프라이,클래식 조합
소주,파김치장어뚝배기,클래식 조합
소주,간자미찜,클래식 조합
소주,양꼬치,클래식 조합
소주,훠궈,실용적 조합
소주,마라탕,실용적 조합
소주,마라샹궈,실용적 조합
소주,탕수육,클래식 조합
소주,깐풍기,실용적 조합
소주,유린기,실용적 조합
소주,라조기,클래식 조합
소주,고추잡채,클래식 조합
소주,양장피,실용적 조합
소주,팔보채,클래식 조합
소주,동파육,클래식 조합
소주,마파두부,클래식 조합
소주,어향동고,클래식 조합
소주,멘보샤,실용적 조합
소주,군만두,클래식 조합
소주,물만두,클래식 조합
소주,딤섬,클래식 조합
소주,춘권,클래식 조합
소주,해물누룽지탕,클래식 조합
소주,바베큐,클래식 조합
소주,소시지구이,클래식 조합
소주,마시멜로구이,클래식 조합
소주,콘버터,클래식 조합
소주,라면,클래식 조합
소주,짜파구리,클래식 조합
소주,골뱅이소면,클래식 조합
소주,비빔만두,클래식 조합
소주,모듬사시미(회),실용적 조합
소주,숙성회,클래식 조합
소주,연어회,클래식 조합
소주,참치회,클래식 조합
소주,광어회,클래식 조합
소주,우럭회,클래식 조합
소주,고등어회(시메사바),클래식 조합
소주,타코와사비,실용적 조합
소주,명란구이,실용적 조합
소주,모듬꼬치,클래식 조합
소주,닭껍질꼬치,클래식 조합
소주,쯔쿠네,클래식 조합
소주,아스파라거스삼겹꼬치,클래식 조합
소주,메로구이,실용적 조합
소주,시샤모구이,클래식 조합
소주,도미머리구이,클래식 조합
소주,오코노미야끼,실용적 조합
소주,타코야끼,실용적 조합
소주,야끼소바,실용적 조합
소주,나가사키짬뽕,실용적 조합
소주,오뎅나베,실용적 조합
소주,스끼야끼,클래식 조합
소주,창코나베,실용적 조합
소주,치킨가라아게,실용적 조합
소주,돈까스,클래식 조합
소주,고로케,클래식 조합
소주,새우튀김,클래식 조합
소주,오징어튀김,클래식 조합
소주,모듬튀김,클래식 조합
소주,아게다시도후(두부튀김),클래식 조합
소주,에비마요,클래식 조합
소주,에다마메(풋콩),클래식 조합
소주,냉두부(히야얏코),클래식 조합
소주,자숙스지,클래식 조합
소주,카라스미버터,클래식 조합
소주,간장절임노른자,클래식 조합
소주,연어뱃살구이,클래식 조합
소주,소고기시구레조림,클래식 조합
소주,와규안창살,클래식 조합
소주,잎새버섯튀김,클래식 조합
소주,토란게살소스,클래식 조합
소주,우엉과순무슈토우버터소테,클래식 조합
소주,참치뱃살과단무지마키,클래식 조합
소주,대게와게내장테마키,클래식 조합
소주,절인아나고스시,실용적 조합
소주,무화과버터,클래식 조합
소주,푸아그라모나카,클래식 조합
소주,오리로스조림,클래식 조합
소주,말린표고버섯포타주,클래식 조합
맥주,후라이드치킨,클래식 조합
맥주,양념치킨,클래식 조합
맥주,간장치킨,클래식 조합
맥주,마늘치킨,클래식 조합
맥주,파닭,클래식 조합
맥주,고구마튀김,클래식 조합
맥주,김말이튀김,클래식 조합
맥주,야채튀김,클래식 조합
맥주,치킨텐더,클래식 조합
맥주,생선까스,클래식 조합
맥주,고로케,클래식 조합
맥주,쥐포튀김,클래식 조합
맥주,제육볶음,클래식 조합
맥주,오돌뼈볶음,클래식 조합
맥주,닭갈비,클래식 조합
맥주,오징어볶음,클래식 조합
맥주,낙지볶음,클래식 조합
맥주,쭈꾸미볶음,클래식 조합
맥주,두부김치,클래식 조합
맥주,돼지김치볶음,클래식 조합
맥주,불족발,클래식 조합
맥주,소갈비찜,클래식 조합
맥주,돼지갈비찜,클래식 조합
맥주,안동찜닭,클래식 조합
맥주,훈제오리구이,클래식 조합
맥주,삼겹살구이,클래식 조합
맥주,목살구이,클래식 조합
맥주,항정살구이,클래식 조합
맥주,갈매기살구이,클래식 조합
맥주,대패삼겹살볶음,클래식 조합
맥주,차돌박이숙주볶음,클래식 조합
맥주,닭똥집볶음,클래식 조합
맥주,곱창구이,클래식 조합
맥주,막창구이,클래식 조합
맥주,대창구이,클래식 조합
맥주,꼼장어구이,클래식 조합
맥주,더덕구이,클래식 조합
맥주,황태구이,클래식 조합
맥주,먹태구이,클래식 조합
맥주,노가리구이,클래식 조합
맥주,장어구이,클래식 조합
맥주,삼치구이,클래식 조합
맥주,고등어구이,클래식 조합
맥주,가자미구이,클래식 조합
맥주,굴비구이,클래식 조합
맥주,닭꼬치구이,클래식 조합
맥주,염통꼬치구이,클래식 조합
맥주,은행구이,클래식 조합
맥주,마늘구이,클래식 조합
맥주,소떡소떡,클래식 조합
맥주,직화불고기,클래식 조합
맥주,언양식불고기,클래식 조합
맥주,광양식불고기,클래식 조합
맥주,돼지껍데기볶음,클래식 조합
맥주,순대볶음,클래식 조합
맥주,마늘고추돼지갈비찜,클래식 조합
맥주,쭈꾸미삼겹살,클래식 조합
맥주,등갈비구이,클래식 조합
맥주,마른오징어,클래식 조합
맥주,반건조오징어,클래식 조합
맥주,한치,클래식 조합
맥주,먹태,클래식 조합
맥주,노가리,클래식 조합
맥주,아귀포,클래식 조합
맥주,"견과류(땅콩, 아몬드)",클래식 조합
맥주,과일플래터,클래식 조합
맥주,메론프로슈토,클래식 조합
맥주,치즈플래터,클래식 조합
맥주,브리치즈구이,클래식 조합
맥주,카프레제,클래식 조합
맥주,부라타치즈샐러드,클래식 조합
맥주,황도,클래식 조합
맥주,파인애플,클래식 조합
맥주,수박화채,클래식 조합
맥주,구운홈런볼,클래식 조합
맥주,나초칩,클래식 조합
맥주,감바스 알 아히요,클래식 조합
맥주,봉골레파스타,클래식 조합
맥주,알리오올리오,클래식 조합
맥주,까르보나라,클래식 조합
맥주,토마토스파게티,클래식 조합
맥주,로제파스타,클래식 조합
맥주,라자냐,클래식 조합
맥주,리조또,클래식 조합
맥주,"스테이크(안심, 등심)",클래식 조합
맥주,비프스튜,클래식 조합
맥주,찹스테이크,클래식 조합
맥주,수제버거,클래식 조합
맥주,"피자(고르곤졸라, 페퍼로니, 마르게리타)",클래식 조합
맥주,퀘사디아,클래식 조합
맥주,타코,클래식 조합
맥주,부리또,클래식 조합
맥주,치킨윙,클래식 조합
맥주,버팔로윙,클래식 조합
맥주,"샐러드(시저, 카프레제, 리코타)",클래식 조합
맥주,브루스케타,클래식 조합
맥주,에그인헬(샥슈카),클래식 조합
맥주,맥앤치즈,클래식 조합
맥주,미트볼,클래식 조합
맥주,소시지플래터,클래식 조합
맥주,학센,클래식 조합
맥주,굴라쉬,클래식 조합
맥주,트러플감자튀김,클래식 조합
맥주,루꼴라새우오일파스타,클래식 조합
맥주,해산물뚝배기파스타,클래식 조합
맥주,순두부파스타,클래식 조합
맥주,불고기퀘사디아,클래식 조합
맥주,가츠샌드,클래식 조합
맥주,한우육회타르타르,클래식 조합
맥주,트러플아란치니,클래식 조합
맥주,풍기시소파스타,클래식 조합
맥주,미트볼양상추타코,클래식 조합
맥주,양꼬치,클래식 조합
맥주,훠궈,클래식 조합
맥주,마라탕,클래식 조합
맥주,마라샹궈,클래식 조합
맥주,탕수육,클래식 조합
맥주,깐풍기,클래식 조합
맥주,유린기,클래식 조합
맥주,라조기,클래식 조합
맥주,고추잡채,클래식 조합
맥주,양장피,클래식 조합
맥주,팔보채,클래식 조합
맥주,동파육,클래식 조합
맥주,마파두부,클래식 조합
맥주,어향동고,클래식 조합
맥주,멘보샤,클래식 조합
맥주,군만두,클래식 조합
맥주,물만두,클래식 조합
맥주,딤섬,클래식 조합
맥주,춘권,클래식 조합
맥주,해물누룽지탕,클래식 조합
맥주,바베큐,클래식 조합
맥주,소시지구이,클래식 조합
맥주,마시멜로구이,클래식 조합
맥주,콘버터,클래식 조합
맥주,번데기탕,클래식 조합
맥주,라면,클래식 조합
맥주,짜파구리,클래식 조합
맥주,골뱅이소면,클래식 조합
맥주,비빔만두,클래식 조합
막걸리,오징어초무침,클래식 조합
막걸리,과메기,클래식 조합
막걸리,육회,클래식 조합
막걸리,육사시미,클래식 조합
막걸리,문어숙회,클래식 조합
막걸리,오징어숙회,클래식 조합
막걸리,부추전,클래식 조합
막걸리,깻잎전,클래식 조합
막걸리,동그랑땡,클래식 조합
막걸리,꼬지전,클래식 조합
막걸리,호박전,클래식 조합
막걸리,두부전,클래식 조합
막걸리,명태전,클래식 조합
막걸리,빈대떡,클래식 조합
막걸리,메밀전병,클래식 조합
막걸리,잡채,클래식 조합
막걸리,간장게장,클래식 조합
막걸리,양념게장,클래식 조합
막걸리,새우장,클래식 조합
막걸리,콘치즈,클래식 조합
막걸리,계란찜,클래식 조합
막걸리,계란말이,클래식 조합
막걸리,번데기탕,클래식 조합
막걸리,닭발편육,클래식 조합
막걸리,소라무침,클래식 조합
막걸리,아보카도 참치,클래식 조합
막걸리,들기름 달걀프라이,클래식 조합
막걸리,파김치장어뚝배기,클래식 조합
막걸리,간자미찜,클래식 조합
막걸리,오돌뼈볶음,클래식 조합
막걸리,닭갈비,클래식 조합
막걸리,오징어볶음,클래식 조합
막걸리,낙지볶음,클래식 조합
막걸리,쭈꾸미볶음,클래식 조합
막걸리,돼지김치볶음,클래식 조합
막걸리,불족발,클래식 조합
막걸리,소갈비찜,클래식 조합
막걸리,돼지갈비찜,클래식 조합
막걸리,안동찜닭,클래식 조합
막걸리,훈제오리구이,클래식 조합
막걸리,삼겹살구이,클래식 조합
막걸리,목살구이,클래식 조합
막걸리,항정살구이,클래식 조합
막걸리,갈매기살구이,클래식 조합
막걸리,대패삼겹살볶음,클래식 조합
막걸리,차돌박이숙주볶음,클래식 조합
막걸리,닭똥집볶음,클래식 조합
막걸리,곱창구이,클래식 조합
막걸리,막창구이,클래식 조합
막걸리,대창구이,클래식 조합
막걸리,꼼장어구이,클래식 조합
막걸리,더덕구이,클래식 조합
막걸리,황태구이,클래식 조합
막걸리,먹태구이,클래식 조합
막걸리,노가리구이,클래식 조합
막걸리,장어구이,클래식 조합
막걸리,삼치구이,클래식 조합
막걸리,고등어구이,클래식 조합
막걸리,가자미구이,클래식 조합
막걸리,굴비구이,클래식 조합
막걸리,닭꼬치구이,클래식 조합
막걸리,염통꼬치구이,클래식 조합
막걸리,은행구이,클래식 조합
막걸리,마늘구이,클래식 조합
막걸리,소떡소떡,클래식 조합
막걸리,직화불고기,클래식 조합
막걸리,언양식불고기,클래식 조합
막걸리,광양식불고기,클래식 조합
막걸리,돼지껍데기볶음,클래식 조합
막걸리,순대볶음,클래식 조합
막걸리,마늘고추돼지갈비찜,클래식 조합
막걸리,쭈꾸미삼겹살,클래식 조합
막걸리,등갈비구이,클래식 조합
막걸리,부대찌개,클래식 조합
막걸리,된장찌개,클래식 조합
막걸리,순두부찌개,클래식 조합
막걸리,동태탕,클래식 조합
막걸리,알탕,클래식 조합
막걸리,감자탕,클래식 조합
막걸리,갈비탕,클래식 조합
막걸리,설렁탕,클래식 조합
막걸리,뼈해장국,클래식 조합
막걸리,어묵탕(오뎅탕),클래식 조합
막걸리,홍합탕,클래식 조합
막걸리,조개탕,클래식 조합
막걸리,매운탕,클래식 조합
막걸리,닭볶음탕(닭도리탕),클래식 조합
막걸리,꽃게탕,클래식 조합
막걸리,해물탕,클래식 조합
막걸리,밀푀유나베,클래식 조합
막걸리,대창전골,클래식 조합
막걸리,곱창전골,클래식 조합
막걸리,만두전골,클래식 조합
막걸리,국물닭발,클래식 조합
막걸리,등갈비김치찜,클래식 조합
막걸리,어죽,클래식 조합
막걸리,몸국,클래식 조합
막걸리,매운당면찌개,클래식 조합
막걸리,냉이된장찌개,클래식 조합
레드 와인,감바스 알 아히요,클래식 조합
레드 와인,봉골레파스타,클래식 조합
레드 와인,알리오올리오,클래식 조합
레드 와인,까르보나라,클래식 조합
레드 와인,토마토스파게티,클래식 조합
레드 와인,로제파스타,클래식 조합
레드 와인,리조또,클래식 조합
레드 와인,"스테이크(안심, 등심)",클래식 조합
레드 와인,함박스테이크,클래식 조합
레드 와인,비프스튜,클래식 조합
레드 와인,찹스테이크,클래식 조합
레드 와인,수제버거,클래식 조합
레드 와인,핫도그,클래식 조합
레드 와인,"피자(고르곤졸라, 페퍼로니, 마르게리타)",클래식 조합
레드 와인,퀘사디아,클래식 조합
레드 와인,타코,클래식 조합
레드 와인,나초,클래식 조합
레드 와인,부리또,클래식 조합
레드 와인,감자튀김,클래식 조합
레드 와인,어니언링,클래식 조합
레드 와인,치킨윙,클래식 조합
레드 와인,버팔로윙,클래식 조합
레드 와인,"샐러드(시저, 카프레제, 리코타)",클래식 조합
레드 와인,브루스케타,클래식 조합
레드 와인,에그인헬(샥슈카),클래식 조합
레드 와인,맥앤치즈,클래식 조합
레드 와인,미트볼,클래식 조합
레드 와인,소시지플래터,클래식 조합
레드 와인,학센,클래식 조합
레드 와인,굴라쉬,클래식 조합
레드 와인,트러플감자튀김,클래식 조합
레드 와인,루꼴라새우오일파스타,클래식 조합
레드 와인,해산물뚝배기파스타,클래식 조합
레드 와인,순두부파스타,트렌드 조합
레드 와인,불고기퀘사디아,트렌드 조합
레드 와인,가츠샌드,클래식 조합
레드 와인,한우육회타르타르,클래식 조합
레드 와인,트러플아란치니,클래식 조합
레드 와인,풍기시소파스타,클래식 조합
레드 와인,미트볼양상추타코,클래식 조합
레드 와인,마른오징어,클래식 조합
레드 와인,반건조오징어,클래식 조합
레드 와인,한치,클래식 조합
레드 와인,먹태,클래식 조합
레드 와인,노가리,클래식 조합
레드 와인,쥐포,클래식 조합
레드 와인,아귀포,클래식 조합
레드 와인,"견과류(땅콩, 아몬드)",클래식 조합
레드 와인,김부각,클래식 조합
레드 와인,과일플래터,클래식 조합
레드 와인,메론프로슈토,클래식 조합
레드 와인,치즈플래터,클래식 조합
레드 와인,브리치즈구이,클래식 조합
레드 와인,카프레제,클래식 조합
레드 와인,부라타치즈샐러드,클래식 조합
레드 와인,황도,클래식 조합
레드 와인,파인애플,클래식 조합
레드 와인,수박화채,클래식 조합
레드 와인,구운홈런볼,클래식 조합
레드 와인,나초칩,클래식 조합
레드 와인,양꼬치,클래식 조합
레드 와인,훠궈,클래식 조합
레드 와인,마라탕,클래식 조합
레드 와인,마라샹궈,클래식 조합
레드 와인,탕수육,클래식 조합
레드 와인,깐풍기,클래식 조합
레드 와인,유린기,클래식 조합
레드 와인,라조기,클래식 조합
레드 와인,고추잡채,클래식 조합
레드 와인,양장피,클래식 조합
레드 와인,팔보채,클래식 조합
레드 와인,동파육,클래식 조합
레드 와인,마파두부,클래식 조합
레드 와인,어향동고,클래식 조합
레드 와인,멘보샤,클래식 조합
레드 와인,군만두,클래식 조합
레드 와인,물만두,클래식 조합
레드 와인,딤섬,클래식 조합
레드 와인,춘권,클래식 조합
레드 와인,해물누룽지탕,클래식 조합
레드 와인,제육볶음,클래식 조합
레드 와인,오돌뼈볶음,트렌드 조합
레드 와인,닭갈비,클래식 조합
레드 와인,오징어볶음,트렌드 조합
레드 와인,낙지볶음,트렌드 조합
레드 와인,쭈꾸미볶음,트렌드 조합
레드 와인,두부김치,클래식 조합
레드 와인,돼지김치볶음,트렌드 조합
레드 와인,불족발,트렌드 조합
레드 와인,소갈비찜,트렌드 조합
레드 와인,돼지갈비찜,트렌드 조합
레드 와인,안동찜닭,트렌드 조합
레드 와인,훈제오리구이,클래식 조합
레드 와인,삼겹살구이,클래식 조합
레드 와인,목살구이,클래식 조합
레드 와인,항정살구이,클래식 조합
레드 와인,갈매기살구이,클래식 조합
레드 와인,대패삼겹살볶음,트렌드 조합
레드 와인,차돌박이숙주볶음,트렌드 조합
레드 와인,닭똥집볶음,트렌드 조합
레드 와인,곱창구이,클래식 조합
레드 와인,막창구이,클래식 조합
레드 와인,대창구이,클래식 조합
레드 와인,꼼장어구이,클래식 조합
레드 와인,더덕구이,클래식 조합
레드 와인,황태구이,클래식 조합
레드 와인,먹태구이,클래식 조합
레드 와인,노가리구이,클래식 조합
레드 와인,장어구이,클래식 조합
레드 와인,삼치구이,클래식 조합
레드 와인,고등어구이,클래식 조합
레드 와인,가자미구이,클래식 조합
레드 와인,굴비구이,클래식 조합
레드 와인,닭꼬치구이,클래식 조합
레드 와인,염통꼬치구이,클래식 조합
레드 와인,은행구이,클래식 조합
레드 와인,마늘구이,클래식 조합
레드 와인,소떡소떡,클래식 조합
레드 와인,직화불고기,트렌드 조합
레드 와인,언양식불고기,트렌드 조합
레드 와인,광양식불고기,트렌드 조합
레드 와인,돼지껍데기볶음,트렌드 조합
레드 와인,순대볶음,트렌드 조합
레드 와인,마늘고추돼지갈비찜,트렌드 조합
레드 와인,쭈꾸미삼겹살,클래식 조합
레드 와인,등갈비구이,트렌드 조합
화이트 와인,봉골레파스타,클래식 조합
화이트 와인,알리오올리오,클래식 조합
화이트 와인,까르보나라,클래식 조합
화이트 와인,토마토스파게티,클래식 조합
화이트 와인,로제파스타,클래식 조합
화이트 와인,라자냐,클래식 조합
화이트 와인,리조또,클래식 조합
화이트 와인,"스테이크(안심, 등심)",클래식 조합
화이트 와인,함박스테이크,클래식 조합
화이트 와인,비프스튜,클래식 조합
화이트 와인,찹스테이크,클래식 조합
화이트 와인,수제버거,클래식 조합
화이트 와인,핫도그,클래식 조합
화이트 와인,"피자(고르곤졸라, 페퍼로니, 마르게리타)",클래식 조합
화이트 와인,퀘사디아,클래식 조합
화이트 와인,타코,클래식 조합
화이트 와인,나초,클래식 조합
화이트 와인,부리또,클래식 조합
화이트 와인,감자튀김,클래식 조합
화이트 와인,어니언링,클래식 조합
화이트 와인,치킨윙,클래식 조합
화이트 와인,버팔로윙,클래식 조합
화이트 와인,"샐러드(시저, 카프레제, 리코타)",클래식 조합
화이트 와인,브루스케타,클래식 조합
화이트 와인,에그인헬(샥슈카),클래식 조합
화이트 와인,맥앤치즈,클래식 조합
화이트 와인,미트볼,클래식 조합
화이트 와인,소시지플래터,클래식 조합
화이트 와인,학센,클래식 조합
화이트 와인,굴라쉬,클래식 조합
화이트 와인,트러플감자튀김,클래식 조합
화이트 와인,루꼴라새우오일파스타,클래식 조합
화이트 와인,해산물뚝배기파스타,클래식 조합
화이트 와인,순두부파스타,클래식 조합
화이트 와인,불고기퀘사디아,클래식 조합
화이트 와인,가츠샌드,클래식 조합
화이트 와인,한우육회타르타르,클래식 조합
화이트 와인,트러플아란치니,클래식 조합
화이트 와인,풍기시소파스타,클래식 조합
화이트 와인,미트볼양상추타코,클래식 조합
화이트 와인,모듬사시미(회),클래식 조합
화이트 와인,숙성회,클래식 조합
화이트 와인,연어회,클래식 조합
화이트 와인,참치회,클래식 조합
화이트 와인,광어회,클래식 조합
화이트 와인,우럭회,클래식 조합
화이트 와인,고등어회(시메사바),클래식 조합
화이트 와인,타코와사비,클래식 조합
화이트 와인,명란구이,클래식 조합
화이트 와인,모듬꼬치,클래식 조합
화이트 와인,닭껍질꼬치,클래식 조합
화이트 와인,쯔쿠네,클래식 조합
화이트 와인,아스파라거스삼겹꼬치,클래식 조합
화이트 와인,메로구이,클래식 조합
화이트 와인,시샤모구이,클래식 조합
화이트 와인,도미머리구이,클래식 조합
화이트 와인,오코노미야끼,클래식 조합
화이트 와인,타코야끼,클래식 조합
화이트 와인,야끼소바,클래식 조합
화이트 와인,나가사키짬뽕,클래식 조합
화이트 와인,오뎅나베,클래식 조합
화이트 와인,스끼야끼,클래식 조합
화이트 와인,창코나베,클래식 조합
화이트 와인,치킨가라아게,클래식 조합
화이트 와인,돈까스,클래식 조합
화이트 와인,고로케,클래식 조합
화이트 와인,새우튀김,클래식 조합
화이트 와인,오징어튀김,클래식 조합
화이트 와인,모듬튀김,클래식 조합
화이트 와인,아게다시도후(두부튀김),클래식 조합
화이트 와인,에비마요,클래식 조합
화이트 와인,에다마메(풋콩),클래식 조합
화이트 와인,냉두부(히야얏코),클래식 조합
화이트 와인,자숙스지,클래식 조합
화이트 와인,카라스미버터,클래식 조합
화이트 와인,간장절임노른자,클래식 조합
화이트 와인,연어뱃살구이,클래식 조합
화이트 와인,소고기시구레조림,클래식 조합
화이트 와인,와규안창살,클래식 조합
화이트 와인,잎새버섯튀김,클래식 조합
화이트 와인,토란게살소스,클래식 조합
화이트 와인,우엉과순무슈토우버터소테,클래식 조합
화이트 와인,참치뱃살과단무지마키,클래식 조합
화이트 와인,대게와게내장테마키,클래식 조합
화이트 와인,절인아나고스시,클래식 조합
화이트 와인,무화과버터,클래식 조합
화이트 와인,푸아그라모나카,클래식 조합
화이트 와인,오리로스조림,클래식 조합
화이트 와인,말린표고버섯포타주,클래식 조합
화이트 와인,마른오징어,클래식 조합
화이트 와인,반건조오징어,클래식 조합
화이트 와인,한치,클래식 조합
화이트 와인,먹태,클래식 조합
화이트 와인,노가리,클래식 조합
화이트 와인,쥐포,클래식 조합
화이트 와인,육포,클래식 조합
화이트 와인,아귀포,클래식 조합
화이트 와인,"견과류(땅콩, 아몬드)",클래식 조합
화이트 와인,김부각,클래식 조합
화이트 와인,과일플래터,클래식 조합
화이트 와인,메론프로슈토,클래식 조합
화이트 와인,치즈플래터,클래식 조합
화이트 와인,브리치즈구이,클래식 조합
화이트 와인,부라타치즈샐러드,클래식 조합
화이트 와인,황도,클래식 조합
화이트 와인,파인애플,클래식 조합
화이트 와인,수박화채,클래식 조합
화이트 와인,구운홈런볼,클래식 조합
화이트 와인,나초칩,클래식 조합
화이트 와인,골뱅이무침,클래식 조합
화이트 와인,도토리묵무침,클래식 조합
화이트 와인,오징어초무침,클래식 조합
화이트 와인,과메기,클래식 조합
화이트 와인,홍어삼합,클래식 조합
화이트 와인,육회,클래식 조합
화이트 와인,육사시미,클래식 조합
화이트 와인,문어숙회,클래식 조합
화이트 와인,오징어숙회,클래식 조합
화이트 와인,편육,클래식 조합
화이트 와인,수육,클래식 조합
화이트 와인,족발,클래식 조합
화이트 와인,해물파전,클래식 조합
화이트 와인,김치전,트렌드 조합
화이트 와인,감자전,클래식 조합
화이트 와인,부추전,클래식 조합
화이트 와인,깻잎전,클래식 조합
화이트 와인,육전,클래식 조합
화이트 와인,동그랑땡,클래식 조합
화이트 와인,꼬지전,클래식 조합
화이트 와인,호박전,클래식 조합
화이트 와인,두부전,클래식 조합
화이트 와인,명태전,클래식 조합
화이트 와인,빈대떡,클래식 조합
화이트 와인,메밀전병,클래식 조합
화이트 와인,잡채,클래식 조합
화이트 와인,두부김치,클래식 조합
화이트 와인,간장게장,클래식 조합
화이트 와인,양념게장,클래식 조합
화이트 와인,새우장,클래식 조합
화이트 와인,콘치즈,클래식 조합
화이트 와인,계란찜,클래식 조합
화이트 와인,계란말이,클래식 조합
화이트 와인,번데기탕,클래식 조합
화이트 와인,닭발편육,클래식 조합
화이트 와인,소라무침,클래식 조합
화이트 와인,아보카도 참치,클래식 조합
화이트 와인,들기름 달걀프라이,클래식 조합
화이트 와인,파김치장어뚝배기,클래식 조합
화이트 와인,간자미찜,클래식 조합
스파클링 와인,마른오징어,클래식 조합
스파클링 와인,반건조오징어,클래식 조합
스파클링 와인,한치,클래식 조합
스파클링 와인,먹태,클래식 조합
스파클링 와인,노가리,클래식 조합
스파클링 와인,쥐포,클래식 조합
스파클링 와인,육포,클래식 조합
스파클링 와인,아귀포,클래식 조합
스파클링 와인,"견과류(땅콩, 아몬드)",클래식 조합
스파클링 와인,김부각,클래식 조합
스파클링 와인,과일플래터,클래식 조합
스파클링 와인,메론프로슈토,클래식 조합
스파클링 와인,치즈플래터,클래식 조합
스파클링 와인,브리치즈구이,클래식 조합
스파클링 와인,카프레제,클래식 조합
스파클링 와인,부라타치즈샐러드,클래식 조합
스파클링 와인,황도,클래식 조합
스파클링 와인,파인애플,클래식 조합
스파클링 와인,수박화채,클래식 조합
스파클링 와인,구운홈런볼,클래식 조합
스파클링 와인,나초칩,클래식 조합
스파클링 와인,감바스 알 아히요,클래식 조합
스파클링 와인,봉골레파스타,클래식 조합
스파클링 와인,알리오올리오,클래식 조합
스파클링 와인,까르보나라,클래식 조합
스파클링 와인,토마토스파게티,클래식 조합
스파클링 와인,로제파스타,클래식 조합
스파클링 와인,라자냐,클래식 조합
스파클링 와인,리조또,클래식 조합
스파클링 와인,"스테이크(안심, 등심)",클래식 조합
스파클링 와인,함박스테이크,클래식 조합
스파클링 와인,비프스튜,클래식 조합
스파클링 와인,찹스테이크,클래식 조합
스파클링 와인,수제버거,클래식 조합
스파클링 와인,핫도그,클래식 조합
스파클링 와인,"피자(고르곤졸라, 페퍼로니, 마르게리타)",클래식 조합
스파클링 와인,퀘사디아,클래식 조합
스파클링 와인,타코,클래식 조합
스파클링 와인,나초,클래식 조합
스파클링 와인,부리또,클래식 조합
스파클링 와인,감자튀김,클래식 조합
스파클링 와인,어니언링,클래식 조합
스파클링 와인,치킨윙,클래식 조합
스파클링 와인,버팔로윙,클래식 조합
스파클링 와인,"샐러드(시저, 카프레제, 리코타)",클래식 조합
스파클링 와인,브루스케타,클래식 조합
스파클링 와인,에그인헬(샥슈카),클래식 조합
스파클링 와인,맥앤치즈,클래식 조합
스파클링 와인,미트볼,클래식 조합
스파클링 와인,소시지플래터,클래식 조합
스파클링 와인,학센,클래식 조합
스파클링 와인,굴라쉬,클래식 조합
스파클링 와인,트러플감자튀김,클래식 조합
스파클링 와인,루꼴라새우오일파스타,클래식 조합
스파클링 와인,해산물뚝배기파스타,클래식 조합
스파클링 와인,순두부파스타,클래식 조합
스파클링 와인,불고기퀘사디아,클래식 조합
스파클링 와인,가츠샌드,클래식 조합
스파클링 와인,한우육회타르타르,클래식 조합
스파클링 와인,트러플아란치니,클래식 조합
스파클링 와인,풍기시소파스타,클래식 조합
스파클링 와인,미트볼양상추타코,클래식 조합
스파클링 와인,후라이드치킨,클래식 조합
스파클링 와인,양념치킨,클래식 조합
스파클링 와인,간장치킨,클래식 조합
스파클링 와인,마늘치킨,클래식 조합
스파클링 와인,파닭,클래식 조합
스파클링 와인,닭강정,클래식 조합
스파클링 와인,고구마튀김,클래식 조합
스파클링 와인,김말이튀김,클래식 조합
스파클링 와인,야채튀김,클래식 조합
스파클링 와인,오징어튀김,클래식 조합
스파클링 와인,새우튀김,클래식 조합
스파클링 와인,치즈스틱,클래식 조합
스파클링 와인,치킨텐더,클래식 조합
스파클링 와인,생선까스,클래식 조합
스파클링 와인,고로케,클래식 조합
스파클링 와인,쥐포튀김,클래식 조합
위스키/증류주,마른오징어,클래식 조합
위스키/증류주,반건조오징어,클래식 조합
위스키/증류주,한치,클래식 조합
위스키/증류주,먹태,클래식 조합
위스키/증류주,노가리,클래식 조합
위스키/증류주,쥐포,클래식 조합
위스키/증류주,육포,클래식 조합
위스키/증류주,아귀포,클래식 조합
위스키/증류주,"견과류(땅콩, 아몬드)",클래식 조합
위스키/증류주,김부각,클래식 조합
위스키/증류주,과일플래터,클래식 조합
위스키/증류주,메론프로슈토,클래식 조합
위스키/증류주,치즈플래터,클래식 조합
위스키/증류주,브리치즈구이,클래식 조합
위스키/증류주,카프레제,클래식 조합
위스키/증류주,부라타치즈샐러드,클래식 조합
위스키/증류주,황도,클래식 조합
위스키/증류주,파인애플,클래식 조합
위스키/증류주,수박화채,클래식 조합
위스키/증류주,구운홈런볼,클래식 조합
위스키/증류주,나초칩,클래식 조합
위스키/증류주,감바스 알 아히요,클래식 조합
위스키/증류주,봉골레파스타,클래식 조합
위스키/증류주,알리오올리오,클래식 조합
위스키/증류주,까르보나라,클래식 조합
위스키/증류주,토마토스파게티,클래식 조합
위스키/증류주,로제파스타,클래식 조합
위스키/증류주,라자냐,클래식 조합
위스키/증류주,리조또,클래식 조합
위스키/증류주,"스테이크(안심, 등심)",클래식 조합
위스키/증류주,함박스테이크,클래식 조합
위스키/증류주,비프스튜,클래식 조합
위스키/증류주,찹스테이크,클래식 조합
위스키/증류주,수제버거,클래식 조합
위스키/증류주,핫도그,클래식 조합
위스키/증류주,"피자(고르곤졸라, 페퍼로니, 마르게리타)",클래식 조합
위스키/증류주,부리또,클래식 조합
위스키/증류주,어니언링,클래식 조합
위스키/증류주,버팔로윙,클래식 조합
위스키/증류주,"샐러드(시저, 카프레제, 리코타)",클래식 조합
위스키/증류주,브루스케타,클래식 조합
위스키/증류주,에그인헬(샥슈카),클래식 조합
위스키/증류주,맥앤치즈,클래식 조합
위스키/증류주,미트볼,클래식 조합
위스키/증류주,소시지플래터,클래식 조합
위스키/증류주,학센,클래식 조합
위스키/증류주,굴라쉬,클래식 조합
위스키/증류주,트러플감자튀김,클래식 조합
위스키/증류주,루꼴라새우오일파스타,클래식 조합
위스키/증류주,해산물뚝배기파스타,클래식 조합
위스키/증류주,순두부파스타,클래식 조합
위스키/증류주,불고기퀘사디아,클래식 조합
위스키/증류주,가츠샌드,클래식 조합
위스키/증류주,한우육회타르타르,클래식 조합
위스키/증류주,트러플아란치니,클래식 조합
위스키/증류주,풍기시소파스타,클래식 조합
위스키/증류주,미트볼양상추타코,클래식 조합
위스키/증류주,마라탕,클래식 조합
위스키/증류주,마라샹궈,클래식 조합
위스키/증류주,깐풍기,클래식 조합
위스키/증류주,유린기,클래식 조합
위스키/증류주,고추잡채,클래식 조합
위스키/증류주,양장피,클래식 조합
위스키/증류주,팔보채,클래식 조합
위스키/증류주,마파두부,클래식 조합
위스키/증류주,어향동고,클래식 조합
위스키/증류주,멘보샤,클래식 조합
위스키/증류주,물만두,클래식 조합
위스키/증류주,딤섬,클래식 조합
위스키/증류주,춘권,클래식 조합
위스키/증류주,해물누룽지탕,클래식 조합
청주/사케/전통주,모듬사시미(회),클래식 조합
청주/사케/전통주,숙성회,클래식 조합
청주/사케/전통주,연어회,클래식 조합
청주/사케/전통주,참치회,클래식 조합
청주/사케/전통주,광어회,클래식 조합
청주/사케/전통주,우럭회,클래식 조합
청주/사케/전통주,고등어회(시메사바),클래식 조합
청주/사케/전통주,모듬꼬치,클래식 조합
청주/사케/전통주,닭껍질꼬치,클래식 조합
청주/사케/전통주,쯔쿠네,클래식 조합
청주/사케/전통주,아스파라거스삼겹꼬치,클래식 조합
청주/사케/전통주,메로구이,클래식 조합
청주/사케/전통주,시샤모구이,클래식 조합
청주/사케/전통주,도미머리구이,클래식 조합
청주/사케/전통주,오코노미야끼,클래식 조합
청주/사케/전통주,타코야끼,클래식 조합
청주/사케/전통주,야끼소바,클래식 조합
청주/사케/전통주,나가사키짬뽕,클래식 조합
청주/사케/전통주,오뎅나베,클래식 조합
청주/사케/전통주,스끼야끼,클래식 조합
청주/사케/전통주,창코나베,클래식 조합
청주/사케/전통주,치킨가라아게,클래식 조합
청주/사케/전통주,돈까스,클래식 조합
청주/사케/전통주,고로케,클래식 조합
청주/사케/전통주,새우튀김,클래식 조합
청주/사케/전통주,오징어튀김,클래식 조합
청주/사케/전통주,모듬튀김,클래식 조합
청주/사케/전통주,아게다시도후(두부튀김),클래식 조합
청주/사케/전통주,에비마요,클래식 조합
청주/사케/전통주,에다마메(풋콩),클래식 조합
청주/사케/전통주,냉두부(히야얏코),클래식 조합
청주/사케/전통주,자숙스지,클래식 조합
청주/사케/전통주,카라스미버터,클래식 조합
청주/사케/전통주,간장절임노른자,클래식 조합
청주/사케/전통주,연어뱃살구이,클래식 조합
청주/사케/전통주,소고기시구레조림,클래식 조합
청주/사케/전통주,와규안창살,클래식 조합
청주/사케/전통주,잎새버섯튀김,클래식 조합
청주/사케/전통주,토란게살소스,클래식 조합
청주/사케/전통주,우엉과순무슈토우버터소테,클래식 조합
청주/사케/전통주,참치뱃살과단무지마키,클래식 조합
청주/사케/전통주,대게와게내장테마키,클래식 조합
청주/사케/전통주,절인아나고스시,클래식 조합
청주/사케/전통주,무화과버터,클래식 조합
청주/사케/전통주,푸아그라모나카,클래식 조합
청주/사케/전통주,오리로스조림,클래식 조합
청주/사케/전통주,말린표고버섯포타주,클래식 조합
청주/사케/전통주,김치찌개,클래식 조합
청주/사케/전통주,부대찌개,클래식 조합
청주/사케/전통주,된장찌개,클래식 조합
청주/사케/전통주,순두부찌개,클래식 조합
청주/사케/전통주,동태탕,클래식 조합
청주/사케/전통주,알탕,클래식 조합
청주/사케/전통주,감자탕,클래식 조합
청주/사케/전통주,갈비탕,클래식 조합
청주/사케/전통주,설렁탕,클래식 조합
청주/사케/전통주,뼈해장국,클래식 조합
청주/사케/전통주,어묵탕(오뎅탕),클래식 조합
청주/사케/전통주,홍합탕,클래식 조합
청주/사케/전통주,조개탕,클래식 조합
청주/사케/전통주,매운탕,클래식 조합
청주/사케/전통주,닭볶음탕(닭도리탕),클래식 조합
청주/사케/전통주,꽃게탕,클래식 조합
청주/사케/전통주,해물탕,클래식 조합
청주/사케/전통주,밀푀유나베,클래식 조합
청주/사케/전통주,대창전골,클래식 조합
청주/사케/전통주,곱창전골,클래식 조합
청주/사케/전통주,만두전골,클래식 조합
청주/사케/전통주,국물닭발,클래식 조합
청주/사케/전통주,등갈비김치찜,클래식 조합
청주/사케/전통주,어죽,클래식 조합
청주/사케/전통주,몸국,클래식 조합
청주/사케/전통주,매운당면찌개,클래식 조합
청주/사케/전통주,냉이된장찌개,클래식 조합
청주/사케/전통주,골뱅이무침,클래식 조합
청주/사케/전통주,도토리묵무침,클래식 조합
청주/사케/전통주,오징어초무침,클래식 조합
청주/사케/전통주,과메기,클래식 조합
청주/사케/전통주,홍어삼합,클래식 조합
청주/사케/전통주,육회,클래식 조합
청주/사케/전통주,육사시미,클래식 조합
청주/사케/전통주,문어숙회,클래식 조합
청주/사케/전통주,오징어숙회,클래식 조합
청주/사케/전통주,편육,클래식 조합
청주/사케/전통주,수육,클래식 조합
청주/사케/전통주,족발,클래식 조합
청주/사케/전통주,해물파전,클래식 조합
청주/사케/전통주,김치전,클래식 조합
청주/사케/전통주,감자전,클래식 조합
청주/사케/전통주,부추전,클래식 조합
청주/사케/전통주,깻잎전,클래식 조합
청주/사케/전통주,육전,클래식 조합
청주/사케/전통주,동그랑땡,클래식 조합
청주/사케/전통주,꼬지전,클래식 조합
청주/사케/전통주,호박전,클래식 조합
청주/사케/전통주,두부전,클래식 조합
청주/사케/전통주,명태전,클래식 조합
청주/사케/전통주,빈대떡,클래식 조합
청주/사케/전통주,메밀전병,클래식 조합
청주/사케/전통주,잡채,클래식 조합
청주/사케/전통주,두부김치,클래식 조합
청주/사케/전통주,양념게장,클래식 조합
청주/사케/전통주,새우장,클래식 조합
청주/사케/전통주,콘치즈,클래식 조합
청주/사케/전통주,계란찜,클래식 조합
청주/사케/전통주,계란말이,클래식 조합
청주/사케/전통주,번데기탕,클래식 조합
청주/사케/전통주,닭발편육,클래식 조합
청주/사케/전통주,소라무침,클래식 조합
청주/사케/전통주,아보카도 참치,클래식 조합
청주/사케/전통주,들기름 달걀프라이,클래식 조합
청주/사케/전통주,파김치장어뚝배기,클래식 조합
청주/사케/전통주,간자미찜,클래식 조합
위스키/증류주,제육볶음,클래식 조합
위스키/증류주,오돌뼈볶음,클래식 조합
위스키/증류주,닭갈비,클래식 조합
위스키/증류주,오징어볶음,클래식 조합
위스키/증류주,낙지볶음,클래식 조합
위스키/증류주,쭈꾸미볶음,클래식 조합
위스키/증류주,두부김치,클래식 조합
위스키/증류주,돼지김치볶음,클래식 조합
위스키/증류주,불족발,클래식 조합
위스키/증류주,소갈비찜,클래식 조합
위스키/증류주,돼지갈비찜,클래식 조합
위스키/증류주,안동찜닭,클래식 조합
위스키/증류주,훈제오리구이,클래식 조합
위스키/증류주,삼겹살구이,클래식 조합
위스키/증류주,목살구이,클래식 조합
위스키/증류주,항정살구이,클래식 조합
위스키/증류주,갈매기살구이,클래식 조합
위스키/증류주,대패삼겹살볶음,클래식 조합
위스키/증류주,차돌박이숙주볶음,클래식 조합
위스키/증류주,닭똥집볶음,클래식 조합
위스키/증류주,곱창구이,클래식 조합
위스키/증류주,막창구이,클래식 조합
위스키/증류주,대창구이,클래식 조합
위스키/증류주,꼼장어구이,클래식 조합
위스키/증류주,더덕구이,클래식 조합
위스키/증류주,황태구이,클래식 조합
위스키/증류주,먹태구이,클래식 조합
위스키/증류주,노가리구이,클래식 조합
위스키/증류주,장어구이,클래식 조합
위스키/증류주,삼치구이,클래식 조합
위스키/증류주,고등어구이,클래식 조합
위스키/증류주,가자미구이,클래식 조합
위스키/증류주,굴비구이,클래식 조합
위스키/증류주,닭꼬치구이,클래식 조합
위스키/증류주,염통꼬치구이,클래식 조합
위스키/증류주,은행구이,클래식 조합
위스키/증류주,마늘구이,클래식 조합
위스키/증류주,소떡소떡,클래식 조합
위스키/증류주,직화불고기,클래식 조합
위스키/증류주,언양식불고기,클래식 조합
위스키/증류주,광양식불고기,클래식 조합
위스키/증류주,돼지껍데기볶음,클래식 조합
위스키/증류주,순대볶음,클래식 조합
위스키/증류주,마늘고추돼지갈비찜,클래식 조합
위스키/증류주,쭈꾸미삼겹살,클래식 조합
위스키/증류주,등갈비구이,클래식 조합
칵테일,감바스 알 아히요,클래식 조합
칵테일,봉골레파스타,클래식 조합
칵테일,알리오올리오,클래식 조합
칵테일,까르보나라,클래식 조합
칵테일,토마토스파게티,클래식 조합
칵테일,로제파스타,클래식 조합
칵테일,라자냐,클래식 조합
칵테일,리조또,클래식 조합
칵테일,"스테이크(안심, 등심)",클래식 조합
칵테일,함박스테이크,클래식 조합
칵테일,비프스튜,클래식 조합
칵테일,찹스테이크,클래식 조합
칵테일,수제버거,클래식 조합
칵테일,핫도그,클래식 조합
칵테일,"피자(고르곤졸라, 페퍼로니, 마르게리타)",클래식 조합
칵테일,퀘사디아,클래식 조합
칵테일,타코,클래식 조합
칵테일,나초,클래식 조합
칵테일,부리또,클래식 조합
칵테일,감자튀김,클래식 조합
칵테일,어니언링,클래식 조합
칵테일,치킨윙,클래식 조합
칵테일,버팔로윙,클래식 조합
칵테일,"샐러드(시저, 카프레제, 리코타)",클래식 조합
칵테일,브루스케타,클래식 조합
칵테일,에그인헬(샥슈카),클래식 조합
칵테일,맥앤치즈,클래식 조합
칵테일,미트볼,클래식 조합
칵테일,소시지플래터,클래식 조합
칵테일,학센,클래식 조합
칵테일,굴라쉬,클래식 조합
칵테일,트러플감자튀김,클래식 조합
칵테일,루꼴라새우오일파스타,클래식 조합
칵테일,해산물뚝배기파스타,클래식 조합
칵테일,순두부파스타,클래식 조합
칵테일,불고기퀘사디아,클래식 조합
칵테일,가츠샌드,클래식 조합
칵테일,한우육회타르타르,클래식 조합
칵테일,트러플아란치니,클래식 조합
칵테일,풍기시소파스타,클래식 조합
칵테일,미트볼양상추타코,클래식 조합
칵테일,마른오징어,클래식 조합
칵테일,반건조오징어,클래식 조합
칵테일,한치,클래식 조합
칵테일,먹태,클래식 조합
칵테일,노가리,클래식 조합
칵테일,쥐포,클래식 조합
칵테일,육포,클래식 조합
칵테일,아귀포,클래식 조합
칵테일,"견과류(땅콩, 아몬드)",클래식 조합
칵테일,김부각,클래식 조합
칵테일,과일플래터,클래식 조합
칵테일,메론프로슈토,클래식 조합
칵테일,치즈플래터,클래식 조합
칵테일,브리치즈구이,클래식 조합
칵테일,카프레제,클래식 조합
칵테일,부라타치즈샐러드,클래식 조합
칵테일,황도,클래식 조합
칵테일,파인애플,클래식 조합
칵테일,수박화채,클래식 조합
칵테일,구운홈런볼,클래식 조합
칵테일,나초칩,클래식 조합
칵테일,후라이드치킨,클래식 조합
칵테일,양념치킨,클래식 조합
칵테일,간장치킨,클래식 조합
칵테일,마늘치킨,클래식 조합
칵테일,파닭,클래식 조합
칵테일,닭강정,클래식 조합
칵테일,고구마튀김,클래식 조합
칵테일,김말이튀김,클래식 조합
칵테일,야채튀김,클래식 조합
칵테일,오징어튀김,클래식 조합
칵테일,새우튀김,클래식 조합
칵테일,치즈스틱,클래식 조합
칵테일,치킨텐더,클래식 조합
칵테일,생선까스,클래식 조합
칵테일,고로케,클래식 조합
칵테일,쥐포튀김,클래식 조합
맥주,부대찌개,클래식 조합
맥주,어묵탕(오뎅탕),클래식 조합
맥주,알탕,클래식 조합
맥주,조개탕,클래식 조합
맥주,곱창/막창 구이,클래식 조합
맥주,닭발,클래식 조합
막걸리,오돌뼈 볶음,클래식 조합
청주/사케/전통주,오돌뼈 볶음,클래식 조합
맥주,광어/우럭회,클래식 조합
맥주,매운탕,클래식 조합
막걸리,골뱅이무침 소면,클래식 조합
청주/사케/전통주,골뱅이무침 소면,클래식 조합
막걸리,순대와 내장,클래식 조합
청주/사케/전통주,순대와 내장,클래식 조합
스파클링 와인,후라이드 치킨,클래식 조합
칵테일,후라이드 치킨,클래식 조합
스파클링 와인,감자튀김(프렌치 프라이),클래식 조합
칵테일,감자튀김(프렌치 프라이),클래식 조합
소주,어니언링,클래식 조합
소주,쥐포,클래식 조합
소주,믹스넛,클래식 조합
소주,나초,클래식 조합
소주,소시지 구이,클래식 조합
소주,닭꼬치(야키토리),클래식 조합
소주,샤인머스캣,클래식 조합
맥주,샤인머스캣,클래식 조합
소주,하몽과 멜론,클래식 조합
맥주,하몽과 멜론,클래식 조합
소주,다크 초콜릿,클래식 조합
맥주,다크 초콜릿,클래식 조합
소주,비스킷,클래식 조합
맥주,비스킷,클래식 조합
소주,아이스크림,클래식 조합
맥주,아이스크림,클래식 조합
소주,올리브 절임,클래식 조합
맥주,올리브 절임,클래식 조합
소주,훈제 연어,클래식 조합
맥주,훈제 연어,클래식 조합
소주,갈비찜,클래식 조합
막걸리,갈비찜,클래식 조합
청주/사케/전통주,갈비찜,클래식 조합
소주,양갈비,클래식 조합
막걸리,양갈비,클래식 조합
청주/사케/전통주,양갈비,클래식 조합
소주,라자냐,클래식 조합
소주,하몽/살라미,클래식 조합
맥주,하몽/살라미,클래식 조합
소주,생선회,클래식 조합
맥주,생선회,클래식 조합
소주,생선구이,클래식 조합
맥주,생선구이,클래식 조합
소주,해산물 스튜,클래식 조합
맥주,해산물 스튜,클래식 조합
소주,굴,클래식 조합
맥주,굴,클래식 조합
소주,카나페,클래식 조합
맥주,카나페,클래식 조합
맥주,가벼운 튀김,클래식 조합
칵테일,가벼운 튀김,클래식 조합
소주,브런치 메뉴,클래식 조합
맥주,브런치 메뉴,클래식 조합
소주,녹두전,클래식 조합
청주/사케/전통주,녹두전,클래식 조합
소주,모듬전,클래식 조합
청주/사케/전통주,모듬전,클래식 조합
소주,모두부,클래식 조합
청주/사케/전통주,모두부,클래식 조합
맥주,홍어삼합,클래식 조합
화이트 와인,가라아게(일본식 닭튀김),클래식 조합
청주/사케/전통주,가라아게(일본식 닭튀김),클래식 조합
소주,야키토리,클래식 조합
맥주,야키토리,클래식 조합
맥주,돈까스,클래식 조합
소주,나초와 살사/과카몰리,클래식 조합
맥주,나초와 살사/과카몰리,클래식 조합
소주,올리브,클래식 조합
맥주,올리브,클래식 조합
화이트 와인,스시/사시미,클래식 조합
청주/사케/전통주,스시/사시미,클래식 조합
맥주,어묵탕,클래식 조합
맥주,뼈해장국,클래식 조합
맥주,순댓국,클래식 조합
맥주,동태탕,클래식 조합
맥주,홍합탕,클래식 조합
막걸리,국물떡볶이,클래식 조합
청주/사케/전통주,국물떡볶이,클래식 조합
막걸리,닭발볶음,클래식 조합
청주/사케/전통주,닭발볶음,클래식 조합
청주/사케/전통주,순대볶음,클래식 조합
막걸리,곱창볶음,클래식 조합
청주/사케/전통주,곱창볶음,클래식 조합
청주/사케/전통주,오징어볶음,클래식 조합
막걸리,조개류 (탕이나 무침),클래식 조합
청주/사케/전통주,조개류 (탕이나 무침),클래식 조합
막걸리,닭찜,클래식 조합
청주/사케/전통주,닭찜,클래식 조합
막걸리,굴전,클래식 조합
청주/사케/전통주,굴전,클래식 조합
맥주,완자탕,클래식 조합
스파클링 와인,치킨,클래식 조합
칵테일,치킨,클래식 조합
소주,만두강정,클래식 조합
소주,쥐포구이,클래식 조합
소주,소시지야채볶음,클래식 조합
막걸리,소시지야채볶음,클래식 조합
청주/사케/전통주,소시지야채볶음,클래식 조합
소주,베이컨 숙주볶음,클래식 조합
막걸리,베이컨 숙주볶음,클래식 조합
청주/사케/전통주,베이컨 숙주볶음,클래식 조합
소주,핫도그,클래식 조합
소주,팽이버섯구이,클래식 조합
소주,차돌박이 숙주볶음,클래식 조합
막걸리,차돌박이 숙주볶음,클래식 조합
청주/사케/전통주,차돌박이 숙주볶음,클래식 조합
소주,골뱅이 마늘볶음,클래식 조합
막걸리,골뱅이 마늘볶음,클래식 조합
청주/사케/전통주,골뱅이 마늘볶음,클래식 조합
소주,새우강정,클래식 조합
스파클링 와인,고구마치즈스틱,클래식 조합
칵테일,고구마치즈스틱,클래식 조합
소주,파전,클래식 조합
청주/사케/전통주,파전,클래식 조합
소주,깻잎부추전,클래식 조합
청주/사케/전통주,깻잎부추전,클래식 조합
소주,도토리묵전,클래식 조합
청주/사케/전통주,도토리묵전,클래식 조합
소주,돼지 두루치기,클래식 조합
맥주,돼지 두루치기,클래식 조합
맥주,편육,클래식 조합
소주,돼지고기 요리,클래식 조합
맥주,돼지고기 요리,클래식 조합
소주,햄,클래식 조합
맥주,햄,클래식 조합
소주,소시지,클래식 조합
맥주,소시지,클래식 조합
소주,살라미,클래식 조합
맥주,살라미,클래식 조합
소주,백김치,클래식 조합
막걸리,백김치,클래식 조합
청주/사케/전통주,백김치,클래식 조합
소주,양념이 진한 김치,클래식 조합
막걸리,양념이 진한 김치,클래식 조합
청주/사케/전통주,양념이 진한 김치,클래식 조합
소주,아몬드,클래식 조합
맥주,아몬드,클래식 조합
소주,빵,클래식 조합
맥주,빵,클래식 조합
청주/사케/전통주,초밥,클래식 조합
소주,회,클래식 조합
맥주,회,클래식 조합
소주,해산물 요리,클래식 조합
맥주,해산물 요리,클래식 조합
소주,조개찜,클래식 조합
막걸리,조개찜,클래식 조합
청주/사케/전통주,조개찜,클래식 조합
소주,닭가슴살,클래식 조합
맥주,닭가슴살,클래식 조합
소주,캔참치,클래식 조합
맥주,캔참치,클래식 조합
소주,어묵류,클래식 조합
맥주,어묵류,클래식 조합
소주,생라면,클래식 조합
맥주,생라면,클래식 조합
소주,감자칩,클래식 조합
맥주,감자칩,클래식 조합
소주,너트류,클래식 조합
맥주,너트류,클래식 조합
소주,바비큐립,클래식 조합
맥주,바비큐립,클래식 조합
소주,초콜릿,클래식 조합
맥주,초콜릿,클래식 조합
소주,애플파이,클래식 조합
맥주,애플파이,클래식 조합
소주,카라멜 푸딩,클래식 조합
맥주,카라멜 푸딩,클래식 조합
화이트 와인,사시미,클래식 조합
소주,타다키,클래식 조합
맥주,타다키,클래식 조합
소주,에다마메,클래식 조합
맥주,에다마메,클래식 조합
소주,해조류,클래식 조합
맥주,해조류,클래식 조합
소주,석화,클래식 조합
맥주,석화,클래식 조합
소주,해산물,클래식 조합
맥주,해산물,클래식 조합
소주,크림 브륄레,클래식 조합
맥주,크림 브륄레,클래식 조합
소주,하몽,클래식 조합
맥주,하몽,클래식 조합
소주,플레인 크래커,클래식 조합
맥주,플레인 크래커,클래식 조합
맥주,민물새우튀김,클래식 조합
스파클링 와인,민물새우튀김,클래식 조합
소주,구운 홈런볼,클래식 조합
맥주,구운 홈런볼,클래식 조합
소주,양송이 까나페,클래식 조합
맥주,양송이 까나페,클래식 조합
소주,야채 햄말이,클래식 조합
맥주,야채 햄말이,클래식 조합
소주,잣 곶감말이,클래식 조합
맥주,잣 곶감말이,클래식 조합
소주,버터갈릭새우,클래식 조합
맥주,버터갈릭새우,클래식 조합
소주,전복찜,클래식 조합
막걸리,전복찜,클래식 조합
소주,백숙,클래식 조합
맥주,백숙,클래식 조합
소주,나물 무침,클래식 조합
막걸리,나물 무침,클래식 조합
소주,담백한 요리,클래식 조합
맥주,담백한 요리,클래식 조합
화이트 와인,스시,클래식 조합
소주,오뎅탕,클래식 조합
맥주,오뎅탕,클래식 조합
소주,조개술찜,클래식 조합
막걸리,조개술찜,클래식 조합
소주,건어물,클래식 조합
맥주,건어물,클래식 조합
소주,냉두부,클래식 조합
막걸리,냉두부,클래식 조합
소주,칠리,클래식 조합
맥주,칠리,클래식 조합
소주,똠양꿍,클래식 조합
맥주,똠양꿍,클래식 조합
소주,새우 요리,클래식 조합
맥주,새우 요리,클래식 조합
소주,라임과 소금,클래식 조합
맥주,라임과 소금,클래식 조합
소주,중화요리,클래식 조합
맥주,중화요리,클래식 조합
소주,족발튀김,클래식 조합
막걸리,족발튀김,클래식 조합
청주/사케/전통주,족발튀김,클래식 조합
소주,기름지고 향이 강한 음식,클래식 조합
맥주,기름지고 향이 강한 음식,클래식 조합
소주,모둠 채소,클래식 조합
맥주,모둠 채소,클래식 조합
소주,매운 해물볶음,클래식 조합
막걸리,매운 해물볶음,클래식 조합
소주,닭 모래집 마늘볶음,클래식 조합
막걸리,닭 모래집 마늘볶음,클래식 조합
소주,간장 양념 요리,클래식 조합
맥주,간장 양념 요리,클래식 조합
소주,맑은 해물탕,클래식 조합
맥주,맑은 해물탕,클래식 조합
맥주,간장게장,클래식 조합
소주,생선찜/조림,클래식 조합
막걸리,생선찜/조림,클래식 조합
소주,나물무침,클래식 조합
막걸리,나물무침,클래식 조합
소주,떡,클래식 조합
맥주,떡,클래식 조합
맥주,설렁탕,클래식 조합
맥주,꽃게탕,클래식 조합
맥주,해물탕,클래식 조합
화이트 와인,밀푀유나베,클래식 조합
맥주,국물닭발,클래식 조합
맥주,어죽,클래식 조합
맥주,몸국,클래식 조합
맥주,매운당면찌개,클래식 조합
청주/사케/전통주,오돌뼈볶음,클래식 조합
청주/사케/전통주,낙지볶음,클래식 조합
청주/사케/전통주,쭈꾸미볶음,클래식 조합
청주/사케/전통주,돼지김치볶음,클래식 조합
청주/사케/전통주,불족발,클래식 조합
청주/사케/전통주,돼지갈비찜,클래식 조합
청주/사케/전통주,안동찜닭,클래식 조합
청주/사케/전통주,대패삼겹살볶음,클래식 조합
청주/사케/전통주,차돌박이숙주볶음,클래식 조합
청주/사케/전통주,닭똥집볶음,클래식 조합
청주/사케/전통주,직화불고기,클래식 조합
청주/사케/전통주,언양식불고기,클래식 조합
청주/사케/전통주,광양식불고기,클래식 조합
청주/사케/전통주,돼지껍데기볶음,클래식 조합
청주/사케/전통주,마늘고추돼지갈비찜,클래식 조합
청주/사케/전통주,등갈비구이,클래식 조합
맥주,육회,클래식 조합
맥주,문어숙회,클래식 조합
맥주,동그랑땡,클래식 조합
맥주,빈대떡,클래식 조합
맥주,양념게장,클래식 조합
맥주,계란말이,클래식 조합
맥주,닭발편육,클래식 조합
맥주,아보카도 참치,클래식 조합
맥주,들기름 달걀프라이,클래식 조합
맥주,숙성회,클래식 조합
맥주,연어회,클래식 조합
맥주,참치회,클래식 조합
맥주,광어회,클래식 조합
맥주,우럭회,클래식 조합
맥주,고등어회(시메사바),클래식 조합
맥주,모듬꼬치,클래식 조합
맥주,닭껍질꼬치,클래식 조합
맥주,쯔쿠네,클래식 조합
맥주,아스파라거스삼겹꼬치,클래식 조합
맥주,시샤모구이,클래식 조합
맥주,도미머리구이,클래식 조합
위스키/증류주,나가사키짬뽕,클래식 조합
맥주,스끼야끼,클래식 조합
맥주,모듬튀김,클래식 조합
스파클링 와인,모듬튀김,클래식 조합
칵테일,모듬튀김,클래식 조합
막걸리,아게다시도후(두부튀김),클래식 조합
맥주,에비마요,클래식 조합
맥주,에다마메(풋콩),클래식 조합
막걸리,냉두부(히야얏코),클래식 조합
맥주,자숙스지,클래식 조합
맥주,카라스미버터,클래식 조합
맥주,간장절임노른자,클래식 조합
맥주,연어뱃살구이,클래식 조합
맥주,소고기시구레조림,클래식 조합
맥주,와규안창살,클래식 조합
맥주,잎새버섯튀김,클래식 조합
스파클링 와인,잎새버섯튀김,클래식 조합
칵테일,잎새버섯튀김,클래식 조합
맥주,토란게살소스,클래식 조합
맥주,우엉과순무슈토우버터소테,클래식 조합
맥주,참치뱃살과단무지마키,클래식 조합
맥주,대게와게내장테마키,클래식 조합
맥주,무화과버터,클래식 조합
맥주,푸아그라모나카,클래식 조합
맥주,오리로스조림,클래식 조합
맥주,말린표고버섯포타주,클래식 조합
소주,파닭,클래식 조합
소주,생선까스,클래식 조합
소주,한치,클래식 조합
소주,아귀포,클래식 조합
소주,메론프로슈토,클래식 조합
소주,황도,클래식 조합
소주,파인애플,클래식 조합
소주,수박화채,클래식 조합
소주,구운홈런볼,클래식 조합
소주,나초칩,클래식 조합
소주,알리오올리오,클래식 조합
소주,까르보나라,클래식 조합
소주,토마토스파게티,클래식 조합
소주,비프스튜,클래식 조합
소주,부리또,클래식 조합
소주,버팔로윙,클래식 조합
소주,브루스케타,클래식 조합
소주,에그인헬(샥슈카),클래식 조합
소주,소시지플래터,클래식 조합
소주,학센,클래식 조합
소주,굴라쉬,클래식 조합
소주,순두부파스타,클래식 조합
막걸리,순두부파스타,클래식 조합
청주/사케/전통주,순두부파스타,클래식 조합
소주,불고기퀘사디아,클래식 조합
막걸리,불고기퀘사디아,클래식 조합
청주/사케/전통주,불고기퀘사디아,클래식 조합
소주,가츠샌드,클래식 조합
소주,한우육회타르타르,클래식 조합
소주,트러플아란치니,클래식 조합
소주,차돌 닭가슴살,클래식 조합
맥주,차돌 닭가슴살,클래식 조합
소주,숯불 자숙스지,클래식 조합
맥주,숯불 자숙스지,클래식 조합
소주,전통 닭껍질꼬치,클래식 조합
맥주,전통 닭껍질꼬치,클래식 조합
소주,특제 닭갈비,클래식 조합
막걸리,특제 닭갈비,클래식 조합
청주/사케/전통주,특제 닭갈비,클래식 조합
위스키/증류주,갈릭 유린기,클래식 조합
소주,숯불 순댓국,클래식 조합
맥주,숯불 순댓국,클래식 조합
소주,숯불 야채 햄말이,클래식 조합
맥주,숯불 야채 햄말이,클래식 조합
소주,특제 닭똥집볶음,클래식 조합
막걸리,특제 닭똥집볶음,클래식 조합
청주/사케/전통주,특제 닭똥집볶음,클래식 조합
소주,차돌 브런치 메뉴,클래식 조합
맥주,차돌 브런치 메뉴,클래식 조합
맥주,차돌 치킨,클래식 조합
스파클링 와인,차돌 치킨,클래식 조합
칵테일,차돌 치킨,클래식 조합
소주,갈릭 떡,클래식 조합
맥주,갈릭 떡,클래식 조합
소주,매운 새우 요리,클래식 조합
맥주,매운 새우 요리,클래식 조합
맥주,특제 간장치킨,클래식 조합
스파클링 와인,특제 간장치킨,클래식 조합
칵테일,특제 간장치킨,클래식 조합
소주,숯불 믹스넛,클래식 조합
맥주,숯불 믹스넛,클래식 조합
소주,특제 전복찜,클래식 조합
막걸리,특제 전복찜,클래식 조합
청주/사케/전통주,특제 전복찜,클래식 조합
소주,갈릭 김치전,클래식 조합
막걸리,갈릭 김치전,클래식 조합
청주/사케/전통주,갈릭 김치전,클래식 조합
소주,숯불 대게와게내장테마키,클래식 조합
맥주,숯불 대게와게내장테마키,클래식 조합
소주,달콤한 오리로스조림,클래식 조합
맥주,달콤한 오리로스조림,클래식 조합
소주,매운 쥐포구이,클래식 조합
맥주,매운 쥐포구이,클래식 조합
소주,숯불 훈제 연어,클래식 조합
맥주,숯불 훈제 연어,클래식 조합
소주,전통 닭꼬치구이,클래식 조합
맥주,전통 닭꼬치구이,클래식 조합
소주,특제 카라스미버터,클래식 조합
맥주,특제 카라스미버터,클래식 조합
소주,숯불 김치찌개,클래식 조합
막걸리,숯불 김치찌개,클래식 조합
청주/사케/전통주,숯불 김치찌개,클래식 조합
소주,차돌 에그인헬(샥슈카),클래식 조합
맥주,차돌 에그인헬(샥슈카),클래식 조합
소주,해물 냉이된장찌개,클래식 조합
막걸리,해물 냉이된장찌개,클래식 조합
청주/사케/전통주,해물 냉이된장찌개,클래식 조합
소주,차돌 해물파전,클래식 조합
막걸리,차돌 해물파전,클래식 조합
청주/사케/전통주,차돌 해물파전,클래식 조합
소주,달콤한 소시지,클래식 조합
맥주,달콤한 소시지,클래식 조합
소주,갈릭 굴,클래식 조합
맥주,갈릭 굴,클래식 조합
소주,매운 알탕,클래식 조합
맥주,매운 알탕,클래식 조합
소주,달콤한 가츠샌드,클래식 조합
맥주,달콤한 가츠샌드,클래식 조합
소주,치즈 고추잡채,클래식 조합
막걸리,치즈 고추잡채,클래식 조합
청주/사케/전통주,치즈 고추잡채,클래식 조합
소주,갈릭 냉두부(히야얏코),클래식 조합
막걸리,갈릭 냉두부(히야얏코),클래식 조합
청주/사케/전통주,갈릭 냉두부(히야얏코),클래식 조합
소주,특제 은행구이,클래식 조합
맥주,특제 은행구이,클래식 조합
소주,치즈 홍합탕,클래식 조합
맥주,치즈 홍합탕,클래식 조합
화이트 와인,달콤한 사시미,클래식 조합
청주/사케/전통주,달콤한 사시미,클래식 조합
소주,특제 버터갈릭새우,클래식 조합
맥주,특제 버터갈릭새우,클래식 조합
소주,매운 닭볶음탕(닭도리탕),클래식 조합
막걸리,매운 닭볶음탕(닭도리탕),클래식 조합
청주/사케/전통주,매운 닭볶음탕(닭도리탕),클래식 조합
소주,특제 파전,클래식 조합
막걸리,특제 파전,클래식 조합
청주/사케/전통주,특제 파전,클래식 조합
위스키/증류주,갈릭 동파육,클래식 조합
소주,해물 소시지구이,클래식 조합
맥주,해물 소시지구이,클래식 조합
소주,달콤한 과메기,클래식 조합
맥주,달콤한 과메기,클래식 조합
위스키/증류주,특제 훠궈,클래식 조합
소주,해물 올리브,클래식 조합
맥주,해물 올리브,클래식 조합
소주,전통 군만두,클래식 조합
맥주,전통 군만두,클래식 조합
소주,매운 수육,클래식 조합
막걸리,매운 수육,클래식 조합
청주/사케/전통주,매운 수육,클래식 조합
소주,차돌 하몽,클래식 조합
맥주,차돌 하몽,클래식 조합
소주,치즈 족발,클래식 조합
막걸리,치즈 족발,클래식 조합
청주/사케/전통주,치즈 족발,클래식 조합
소주,달콤한 연어뱃살구이,클래식 조합
맥주,달콤한 연어뱃살구이,클래식 조합
맥주,달콤한 치킨텐더,클래식 조합
스파클링 와인,달콤한 치킨텐더,클래식 조합
칵테일,달콤한 치킨텐더,클래식 조합
맥주,전통 감자튀김(프렌치 프라이),클래식 조합
스파클링 와인,전통 감자튀김(프렌치 프라이),클래식 조합
칵테일,전통 감자튀김(프렌치 프라이),클래식 조합
소주,특제 광어/우럭회,클래식 조합
맥주,특제 광어/우럭회,클래식 조합
소주,치즈 한치,클래식 조합
맥주,치즈 한치,클래식 조합
화이트 와인,달콤한 메로구이,클래식 조합
청주/사케/전통주,달콤한 메로구이,클래식 조합
소주,특제 모듬전,클래식 조합
막걸리,특제 모듬전,클래식 조합
청주/사케/전통주,특제 모듬전,클래식 조합
소주,차돌 두부전,클래식 조합
막걸리,차돌 두부전,클래식 조합
청주/사케/전통주,차돌 두부전,클래식 조합
소주,차돌 제육볶음,클래식 조합
막걸리,차돌 제육볶음,클래식 조합
청주/사케/전통주,차돌 제육볶음,클래식 조합
소주,달콤한 녹두전,클래식 조합
막걸리,달콤한 녹두전,클래식 조합
청주/사케/전통주,달콤한 녹두전,클래식 조합
소주,매운 족발튀김,클래식 조합
막걸리,매운 족발튀김,클래식 조합
청주/사케/전통주,매운 족발튀김,클래식 조합
소주,차돌 우럭회,클래식 조합
맥주,차돌 우럭회,클래식 조합
소주,전통 바비큐립,클래식 조합
맥주,전통 바비큐립,클래식 조합
소주,갈릭 감자탕,클래식 조합
맥주,갈릭 감자탕,클래식 조합
소주,매운 크림 브륄레,클래식 조합
맥주,매운 크림 브륄레,클래식 조합
소주,치즈 맑은 해물탕,클래식 조합
맥주,치즈 맑은 해물탕,클래식 조합
소주,매운 생선구이,클래식 조합
맥주,매운 생선구이,클래식 조합
맥주,특제 양념치킨,클래식 조합
스파클링 와인,특제 양념치킨,클래식 조합
칵테일,특제 양념치킨,클래식 조합
소주,특제 쯔쿠네,클래식 조합
맥주,특제 쯔쿠네,클래식 조합
소주,갈릭 꽃게탕,클래식 조합
맥주,갈릭 꽃게탕,클래식 조합
소주,특제 국물닭발,클래식 조합
맥주,특제 국물닭발,클래식 조합
소주,숯불 간장게장,클래식 조합
맥주,숯불 간장게장,클래식 조합
소주,숯불 해산물 요리,클래식 조합
맥주,숯불 해산물 요리,클래식 조합
맥주,해물 잎새버섯튀김,클래식 조합
스파클링 와인,해물 잎새버섯튀김,클래식 조합
칵테일,해물 잎새버섯튀김,클래식 조합
소주,매운 순대와 내장,클래식 조합
막걸리,매운 순대와 내장,클래식 조합
청주/사케/전통주,매운 순대와 내장,클래식 조합
소주,달콤한 파김치장어뚝배기,클래식 조합
막걸리,달콤한 파김치장어뚝배기,클래식 조합
청주/사케/전통주,달콤한 파김치장어뚝배기,클래식 조합
소주,해물 김부각,클래식 조합
맥주,해물 김부각,클래식 조합
소주,매운 목살구이,클래식 조합
맥주,매운 목살구이,클래식 조합
소주,해물 시샤모구이,클래식 조합
맥주,해물 시샤모구이,클래식 조합
맥주,해물 새우튀김,클래식 조합
스파클링 와인,해물 새우튀김,클래식 조합
칵테일,해물 새우튀김,클래식 조합
소주,전통 칠리,클래식 조합
맥주,전통 칠리,클래식 조합
소주,차돌 감자전,클래식 조합
막걸리,차돌 감자전,클래식 조합
청주/사케/전통주,차돌 감자전,클래식 조합
소주,특제 불족발,클래식 조합
막걸리,특제 불족발,클래식 조합
청주/사케/전통주,특제 불족발,클래식 조합
맥주,숯불 고구마튀김,클래식 조합
스파클링 와인,숯불 고구마튀김,클래식 조합
칵테일,숯불 고구마튀김,클래식 조합
화이트 와인,치즈 스시/사시미,클래식 조합
청주/사케/전통주,치즈 스시/사시미,클래식 조합
소주,특제 불고기,클래식 조합
막걸리,특제 불고기,클래식 조합
청주/사케/전통주,특제 불고기,클래식 조합
소주,특제 갈비탕,클래식 조합
막걸리,특제 갈비탕,클래식 조합
청주/사케/전통주,특제 갈비탕,클래식 조합
소주,달콤한 만두전골,클래식 조합
막걸리,달콤한 만두전골,클래식 조합
청주/사케/전통주,달콤한 만두전골,클래식 조합
소주,달콤한 굴비구이,클래식 조합
맥주,달콤한 굴비구이,클래식 조합
소주,전통 생선찜/조림,클래식 조합
막걸리,전통 생선찜/조림,클래식 조합
청주/사케/전통주,전통 생선찜/조림,클래식 조합
소주,달콤한 구운홈런볼,클래식 조합
맥주,달콤한 구운홈런볼,클래식 조합
소주,갈릭 항정살구이,클래식 조합
맥주,갈릭 항정살구이,클래식 조합
소주,차돌 타다키,클래식 조합
맥주,차돌 타다키,클래식 조합
소주,치즈 도토리묵 무침,클래식 조합
막걸리,치즈 도토리묵 무침,클래식 조합
청주/사케/전통주,치즈 도토리묵 무침,클래식 조합
소주,차돌 고등어구이,클래식 조합
맥주,차돌 고등어구이,클래식 조합
화이트 와인,달콤한 오코노미야끼,클래식 조합
청주/사케/전통주,달콤한 오코노미야끼,클래식 조합
소주,전통 등갈비김치찜,클래식 조합
막걸리,전통 등갈비김치찜,클래식 조합
청주/사케/전통주,전통 등갈비김치찜,클래식 조합
소주,달콤한 돼지김치볶음,클래식 조합
막걸리,달콤한 돼지김치볶음,클래식 조합
청주/사케/전통주,달콤한 돼지김치볶음,클래식 조합
소주,달콤한 어니언링,클래식 조합
맥주,달콤한 어니언링,클래식 조합
소주,전통 나초,클래식 조합
맥주,전통 나초,클래식 조합
화이트 와인,숯불 모듬사시미(회),클래식 조합
청주/사케/전통주,숯불 모듬사시미(회),클래식 조합
소주,갈릭 한우육회타르타르,클래식 조합
맥주,갈릭 한우육회타르타르,클래식 조합
소주,갈릭 마늘구이,클래식 조합
맥주,갈릭 마늘구이,클래식 조합
소주,전통 호박전,클래식 조합
막걸리,전통 호박전,클래식 조합
청주/사케/전통주,전통 호박전,클래식 조합
소주,치즈 중화요리,클래식 조합
맥주,치즈 중화요리,클래식 조합
소주,특제 꼼장어구이,클래식 조합
맥주,특제 꼼장어구이,클래식 조합
소주,차돌 삼치구이,클래식 조합
맥주,차돌 삼치구이,클래식 조합
소주,숯불 황태구이,클래식 조합
맥주,숯불 황태구이,클래식 조합
맥주,달콤한 트러플감자튀김,클래식 조합
스파클링 와인,달콤한 트러플감자튀김,클래식 조합
칵테일,달콤한 트러플감자튀김,클래식 조합
소주,매운 산낙지,클래식 조합
맥주,매운 산낙지,클래식 조합
위스키/증류주,해물 마라샹궈,클래식 조합
소주,특제 언양식불고기,클래식 조합
막걸리,특제 언양식불고기,클래식 조합
청주/사케/전통주,특제 언양식불고기,클래식 조합
맥주,갈릭 감자튀김,클래식 조합
스파클링 와인,갈릭 감자튀김,클래식 조합
칵테일,갈릭 감자튀김,클래식 조합
소주,해물 어묵탕,클래식 조합
맥주,해물 어묵탕,클래식 조합
소주,숯불 올리브 절임,클래식 조합
맥주,숯불 올리브 절임,클래식 조합
소주,해물 계란말이,클래식 조합
맥주,해물 계란말이,클래식 조합
맥주,차돌 치즈스틱,클래식 조합
스파클링 와인,차돌 치즈스틱,클래식 조합
칵테일,차돌 치즈스틱,클래식 조합
소주,차돌 염통꼬치구이,클래식 조합
맥주,차돌 염통꼬치구이,클래식 조합
소주,달콤한 까르보나라,클래식 조합
맥주,달콤한 까르보나라,클래식 조합
소주,갈릭 애플파이,클래식 조합
맥주,갈릭 애플파이,클래식 조합
소주,차돌 아스파라거스삼겹꼬치,클래식 조합
맥주,차돌 아스파라거스삼겹꼬치,클래식 조합
소주,치즈 에비마요,클래식 조합
맥주,치즈 에비마요,클래식 조합
소주,차돌 석화,클래식 조합
맥주,차돌 석화,클래식 조합
소주,숯불 버팔로윙,클래식 조합
맥주,숯불 버팔로윙,클래식 조합
소주,숯불 동태탕,클래식 조합
맥주,숯불 동태탕,클래식 조합
소주,숯불 고등어회(시메사바),클래식 조합
맥주,숯불 고등어회(시메사바),클래식 조합
소주,달콤한 닭발편육,클래식 조합
맥주,달콤한 닭발편육,클래식 조합
화이트 와인,치즈 오뎅나베,클래식 조합
청주/사케/전통주,치즈 오뎅나베,클래식 조합
소주,달콤한 양념게장,클래식 조합
맥주,달콤한 양념게장,클래식 조합
화이트 와인,치즈 치킨가라아게,클래식 조합
청주/사케/전통주,치즈 치킨가라아게,클래식 조합
화이트 와인,차돌 절인아나고스시,클래식 조합
청주/사케/전통주,차돌 절인아나고스시,클래식 조합
소주,차돌 새우강정,클래식 조합
맥주,차돌 새우강정,클래식 조합
소주,매운 카프레제,클래식 조합
맥주,매운 카프레제,클래식 조합
소주,치즈 도토리묵무침,클래식 조합
막걸리,치즈 도토리묵무침,클래식 조합
청주/사케/전통주,치즈 도토리묵무침,클래식 조합
소주,숯불 안동찜닭,클래식 조합
막걸리,숯불 안동찜닭,클래식 조합
청주/사케/전통주,숯불 안동찜닭,클래식 조합
소주,차돌 담백한 요리,클래식 조합
맥주,차돌 담백한 요리,클래식 조합
위스키/증류주,특제 깐풍기,클래식 조합
소주,치즈 소라무침,클래식 조합
막걸리,치즈 소라무침,클래식 조합
청주/사케/전통주,치즈 소라무침,클래식 조합
위스키/증류주,특제 나가사키짬뽕,클래식 조합
소주,숯불 카나페,클래식 조합
맥주,숯불 카나페,클래식 조합
소주,전통 푸아그라모나카,클래식 조합
맥주,전통 푸아그라모나카,클래식 조합
위스키/증류주,차돌 멘보샤,클래식 조합
소주,매운 로스트 비프,클래식 조합
맥주,매운 로스트 비프,클래식 조합
소주,숯불 골뱅이 마늘볶음,클래식 조합
막걸리,숯불 골뱅이 마늘볶음,클래식 조합
청주/사케/전통주,숯불 골뱅이 마늘볶음,클래식 조합
소주,해물 라조기,클래식 조합
맥주,해물 라조기,클래식 조합
소주,갈릭 스끼야끼,클래식 조합
맥주,갈릭 스끼야끼,클래식 조합
소주,전통 굴라쉬,클래식 조합
맥주,전통 굴라쉬,클래식 조합
소주,갈릭 감자칩,클래식 조합
맥주,갈릭 감자칩,클래식 조합
소주,차돌 어묵류,클래식 조합
맥주,차돌 어묵류,클래식 조합
소주,치즈 빵,클래식 조합
맥주,치즈 빵,클래식 조합
소주,차돌 매운 해물볶음,클래식 조합
막걸리,차돌 매운 해물볶음,클래식 조합
청주/사케/전통주,차돌 매운 해물볶음,클래식 조합
위스키/증류주,숯불 마라탕,클래식 조합
맥주,차돌 야채튀김,클래식 조합
스파클링 와인,차돌 야채튀김,클래식 조합
칵테일,차돌 야채튀김,클래식 조합
소주,특제 광양식불고기,클래식 조합
막걸리,특제 광양식불고기,클래식 조합
청주/사케/전통주,특제 광양식불고기,클래식 조합
소주,특제 짜파구리,클래식 조합
맥주,특제 짜파구리,클래식 조합
소주,해물 조개탕,클래식 조합
맥주,해물 조개탕,클래식 조합
소주,달콤한 삼겹살 구이,클래식 조합
맥주,달콤한 삼겹살 구이,클래식 조합
화이트 와인,차돌 야끼소바,클래식 조합
청주/사케/전통주,차돌 야끼소바,클래식 조합
맥주,전통 마늘치킨,클래식 조합
스파클링 와인,전통 마늘치킨,클래식 조합
칵테일,전통 마늘치킨,클래식 조합
소주,차돌 오돌뼈 볶음,클래식 조합
막걸리,차돌 오돌뼈 볶음,클래식 조합
청주/사케/전통주,차돌 오돌뼈 볶음,클래식 조합
소주,숯불 토란게살소스,클래식 조합
맥주,숯불 토란게살소스,클래식 조합
소주,갈릭 파닭,클래식 조합
맥주,갈릭 파닭,클래식 조합
소주,해물 나물 무침,클래식 조합
막걸리,해물 나물 무침,클래식 조합
청주/사케/전통주,해물 나물 무침,클래식 조합
화이트 와인,전통 초밥,클래식 조합
청주/사케/전통주,전통 초밥,클래식 조합
소주,갈릭 돼지고기 요리,클래식 조합
맥주,갈릭 돼지고기 요리,클래식 조합
소주,매운 회,클래식 조합
맥주,매운 회,클래식 조합
소주,매운 부추전,클래식 조합
막걸리,매운 부추전,클래식 조합
청주/사케/전통주,매운 부추전,클래식 조합
소주,차돌 소고기시구레조림,클래식 조합
맥주,차돌 소고기시구레조림,클래식 조합
소주,달콤한 비스킷,클래식 조합
맥주,달콤한 비스킷,클래식 조합
소주,달콤한 에다마메,클래식 조합
맥주,달콤한 에다마메,클래식 조합
소주,해물 나초칩,클래식 조합
맥주,해물 나초칩,클래식 조합
소주,숯불 간장절임노른자,클래식 조합
맥주,숯불 간장절임노른자,클래식 조합
소주,특제 조개류 (탕이나 무침),클래식 조합
막걸리,특제 조개류 (탕이나 무침),클래식 조합
청주/사케/전통주,특제 조개류 (탕이나 무침),클래식 조합
소주,매운 두부김치,클래식 조합
막걸리,매운 두부김치,클래식 조합
청주/사케/전통주,매운 두부김치,클래식 조합
소주,달콤한 라자냐,클래식 조합
맥주,달콤한 라자냐,클래식 조합
소주,치즈 건어물,클래식 조합
맥주,치즈 건어물,클래식 조합
소주,갈릭 계란찜,클래식 조합
막걸리,갈릭 계란찜,클래식 조합
청주/사케/전통주,갈릭 계란찜,클래식 조합
소주,차돌 백김치,클래식 조합
막걸리,차돌 백김치,클래식 조합
청주/사케/전통주,차돌 백김치,클래식 조합
소주,매운 등갈비구이,클래식 조합
막걸리,매운 등갈비구이,클래식 조합
청주/사케/전통주,매운 등갈비구이,클래식 조합
소주,차돌 비빔만두,클래식 조합
맥주,차돌 비빔만두,클래식 조합
소주,갈릭 연어회,클래식 조합
맥주,갈릭 연어회,클래식 조합
소주,치즈 잣 곶감말이,클래식 조합
맥주,치즈 잣 곶감말이,클래식 조합
소주,해물 참치회,클래식 조합
맥주,해물 참치회,클래식 조합
소주,매운 수박화채,클래식 조합
맥주,매운 수박화채,클래식 조합
소주,차돌 깻잎전,클래식 조합
막걸리,차돌 깻잎전,클래식 조합
청주/사케/전통주,차돌 깻잎전,클래식 조합
소주,해물 쥐포,클래식 조합
맥주,해물 쥐포,클래식 조합
소주,차돌 야키토리,클래식 조합
맥주,차돌 야키토리,클래식 조합
소주,갈릭 새우장,클래식 조합
맥주,갈릭 새우장,클래식 조합
소주,갈릭 된장찌개,클래식 조합
막걸리,갈릭 된장찌개,클래식 조합
청주/사케/전통주,갈릭 된장찌개,클래식 조합
소주,특제 생선회,클래식 조합
맥주,특제 생선회,클래식 조합
소주,달콤한 문어숙회,클래식 조합
맥주,달콤한 문어숙회,클래식 조합
소주,치즈 브루스케타,클래식 조합
맥주,치즈 브루스케타,클래식 조합
소주,숯불 곱창전골,클래식 조합
막걸리,숯불 곱창전골,클래식 조합
청주/사케/전통주,숯불 곱창전골,클래식 조합
소주,차돌 가자미구이,클래식 조합
맥주,차돌 가자미구이,클래식 조합
소주,매운 잡채,클래식 조합
막걸리,매운 잡채,클래식 조합
청주/사케/전통주,매운 잡채,클래식 조합
소주,숯불 대창전골,클래식 조합
막걸리,숯불 대창전골,클래식 조합
청주/사케/전통주,숯불 대창전골,클래식 조합
위스키/증류주,매운 양장피,클래식 조합
소주,해물 바베큐,클래식 조합
맥주,해물 바베큐,클래식 조합
소주,해물 대패삼겹살볶음,클래식 조합
막걸리,해물 대패삼겹살볶음,클래식 조합
청주/사케/전통주,해물 대패삼겹살볶음,클래식 조합
소주,달콤한 쭈꾸미볶음,클래식 조합
막걸리,달콤한 쭈꾸미볶음,클래식 조합
청주/사케/전통주,달콤한 쭈꾸미볶음,클래식 조합
소주,특제 소시지 구이,클래식 조합
맥주,특제 소시지 구이,클래식 조합
소주,숯불 똠양꿍,클래식 조합
맥주,숯불 똠양꿍,클래식 조합
소주,치즈 닭 모래집 마늘볶음,클래식 조합
막걸리,치즈 닭 모래집 마늘볶음,클래식 조합
청주/사케/전통주,치즈 닭 모래집 마늘볶음,클래식 조합
소주,달콤한 와규안창살,클래식 조합
맥주,달콤한 와규안창살,클래식 조합
소주,매운 물만두,클래식 조합
맥주,매운 물만두,클래식 조합
소주,매운 직화불고기,클래식 조합
막걸리,매운 직화불고기,클래식 조합
청주/사케/전통주,매운 직화불고기,클래식 조합
소주,해물 닭꼬치(야키토리),클래식 조합
맥주,해물 닭꼬치(야키토리),클래식 조합
소주,전통 메론프로슈토,클래식 조합
맥주,전통 메론프로슈토,클래식 조합
소주,해물 막창구이,클래식 조합
맥주,해물 막창구이,클래식 조합
소주,전통 모두부,클래식 조합
막걸리,전통 모두부,클래식 조합
청주/사케/전통주,전통 모두부,클래식 조합
소주,매운 국물떡볶이,클래식 조합
막걸리,매운 국물떡볶이,클래식 조합
청주/사케/전통주,매운 국물떡볶이,클래식 조합
소주,숯불 갈매기살구이,클래식 조합
맥주,숯불 갈매기살구이,클래식 조합
소주,치즈 애플 크럼블,클래식 조합
맥주,치즈 애플 크럼블,클래식 조합
소주,특제 마시멜로구이,클래식 조합
맥주,특제 마시멜로구이,클래식 조합
소주,치즈 도토리묵전,클래식 조합
막걸리,치즈 도토리묵전,클래식 조합
청주/사케/전통주,치즈 도토리묵전,클래식 조합
소주,매운 플레인 크래커,클래식 조합
맥주,매운 플레인 크래커,클래식 조합
소주,전통 무화과버터,클래식 조합
맥주,전통 무화과버터,클래식 조합
소주,특제 트러플아란치니,클래식 조합
맥주,특제 트러플아란치니,클래식 조합
맥주,전통 김말이튀김,클래식 조합
스파클링 와인,전통 김말이튀김,클래식 조합
칵테일,전통 김말이튀김,클래식 조합
소주,차돌 매운탕,클래식 조합
맥주,차돌 매운탕,클래식 조합
소주,갈릭 돼지 두루치기,클래식 조합
맥주,갈릭 돼지 두루치기,클래식 조합
소주,갈릭 나물무침,클래식 조합
막걸리,갈릭 나물무침,클래식 조합
청주/사케/전통주,갈릭 나물무침,클래식 조합
화이트 와인,전통 명란구이,클래식 조합
청주/사케/전통주,전통 명란구이,클래식 조합
소주,갈릭 돼지갈비찜,클래식 조합
막걸리,갈릭 돼지갈비찜,클래식 조합
청주/사케/전통주,갈릭 돼지갈비찜,클래식 조합
소주,숯불 말린표고버섯포타주,클래식 조합
맥주,숯불 말린표고버섯포타주,클래식 조합
소주,달콤한 몸국,클래식 조합
맥주,달콤한 몸국,클래식 조합
소주,치즈 간자미찜,클래식 조합
막걸리,치즈 간자미찜,클래식 조합
청주/사케/전통주,치즈 간자미찜,클래식 조합
소주,달콤한 하몽과 멜론,클래식 조합
맥주,달콤한 하몽과 멜론,클래식 조합
소주,달콤한 육회,클래식 조합
맥주,달콤한 육회,클래식 조합
소주,갈릭 오뎅탕,클래식 조합
맥주,갈릭 오뎅탕,클래식 조합
소주,전통 춘권,클래식 조합
맥주,전통 춘권,클래식 조합
맥주,달콤한 모듬튀김,클래식 조합
스파클링 와인,달콤한 모듬튀김,클래식 조합
칵테일,달콤한 모듬튀김,클래식 조합
소주,차돌 매운당면찌개,클래식 조합
맥주,차돌 매운당면찌개,클래식 조합
소주,숯불 팔보채,클래식 조합
맥주,숯불 팔보채,클래식 조합
소주,치즈 부리또,클래식 조합
맥주,치즈 부리또,클래식 조합
소주,특제 양갈비,클래식 조합
막걸리,특제 양갈비,클래식 조합
청주/사케/전통주,특제 양갈비,클래식 조합
소주,갈릭 불고기퀘사디아,클래식 조합
막걸리,갈릭 불고기퀘사디아,클래식 조합
청주/사케/전통주,갈릭 불고기퀘사디아,클래식 조합
소주,차돌 황도,클래식 조합
맥주,차돌 황도,클래식 조합
소주,숯불 골뱅이소면,클래식 조합
맥주,숯불 골뱅이소면,클래식 조합
소주,전통 닭찜,클래식 조합
막걸리,전통 닭찜,클래식 조합
청주/사케/전통주,전통 닭찜,클래식 조합
소주,갈릭 대창구이,클래식 조합
맥주,갈릭 대창구이,클래식 조합
소주,갈릭 차돌박이 숙주볶음,클래식 조합
막걸리,갈릭 차돌박이 숙주볶음,클래식 조합
청주/사케/전통주,갈릭 차돌박이 숙주볶음,클래식 조합
소주,치즈 장어구이,클래식 조합
맥주,치즈 장어구이,클래식 조합
소주,매운 딤섬,클래식 조합
맥주,매운 딤섬,클래식 조합
소주,전통 더덕구이,클래식 조합
맥주,전통 더덕구이,클래식 조합
소주,달콤한 꼬지전,클래식 조합
막걸리,달콤한 꼬지전,클래식 조합
청주/사케/전통주,달콤한 꼬지전,클래식 조합
맥주,치즈 후라이드치킨,클래식 조합
스파클링 와인,치즈 후라이드치킨,클래식 조합
칵테일,치즈 후라이드치킨,클래식 조합
소주,전통 돈까스,클래식 조합
맥주,전통 돈까스,클래식 조합
소주,치즈 햄,클래식 조합
맥주,치즈 햄,클래식 조합
소주,해물 오돌뼈볶음,클래식 조합
막걸리,해물 오돌뼈볶음,클래식 조합
청주/사케/전통주,해물 오돌뼈볶음,클래식 조합
화이트 와인,전통 타코와사비,클래식 조합
청주/사케/전통주,전통 타코와사비,클래식 조합
소주,전통 깻잎부추전,클래식 조합
막걸리,전통 깻잎부추전,클래식 조합
청주/사케/전통주,전통 깻잎부추전,클래식 조합
소주,숯불 닭발볶음,클래식 조합
막걸리,숯불 닭발볶음,클래식 조합
청주/사케/전통주,숯불 닭발볶음,클래식 조합
소주,달콤한 소갈비찜,클래식 조합
막걸리,달콤한 소갈비찜,클래식 조합
청주/사케/전통주,달콤한 소갈비찜,클래식 조합
소주,차돌 마늘고추돼지갈비찜,클래식 조합
막걸리,차돌 마늘고추돼지갈비찜,클래식 조합
청주/사케/전통주,차돌 마늘고추돼지갈비찜,클래식 조합
소주,차돌 골뱅이무침 소면,클래식 조합
막걸리,차돌 골뱅이무침 소면,클래식 조합
청주/사케/전통주,차돌 골뱅이무침 소면,클래식 조합
맥주,치즈 가벼운 튀김,클래식 조합
스파클링 와인,치즈 가벼운 튀김,클래식 조합
칵테일,치즈 가벼운 튀김,클래식 조합
소주,해물 해물누룽지탕,클래식 조합
맥주,해물 해물누룽지탕,클래식 조합
위스키/증류주,매운 마라 요리,클래식 조합
위스키/증류주,해물 양꼬치,클래식 조합
소주,해물 해조류,클래식 조합
맥주,해물 해조류,클래식 조합
소주,숯불 훈제오리구이,클래식 조합
맥주,숯불 훈제오리구이,클래식 조합
소주,해물 나초와 살사/과카몰리,클래식 조합
맥주,해물 나초와 살사/과카몰리,클래식 조합
소주,전통 아보카도 참치,클래식 조합
맥주,전통 아보카도 참치,클래식 조합
소주,매운 삼겹살구이,클래식 조합
맥주,매운 삼겹살구이,클래식 조합
소주,치즈 차돌박이숙주볶음,클래식 조합
막걸리,치즈 차돌박이숙주볶음,클래식 조합
청주/사케/전통주,치즈 차돌박이숙주볶음,클래식 조합
소주,매운 미트볼,클래식 조합
맥주,매운 미트볼,클래식 조합
소주,숯불 캔참치,클래식 조합
맥주,숯불 캔참치,클래식 조합
소주,해물 메밀전병,클래식 조합
막걸리,해물 메밀전병,클래식 조합
청주/사케/전통주,해물 메밀전병,클래식 조합
소주,갈릭 생선까스,클래식 조합
맥주,갈릭 생선까스,클래식 조합
소주,전통 생라면,클래식 조합
맥주,전통 생라면,클래식 조합
소주,매운 동그랑땡,클래식 조합
맥주,매운 동그랑땡,클래식 조합
화이트 와인,매운 타코야끼,클래식 조합
청주/사케/전통주,매운 타코야끼,클래식 조합
소주,전통 들기름 달걀프라이,클래식 조합
맥주,전통 들기름 달걀프라이,클래식 조합
소주,해물 명태전,클래식 조합
막걸리,해물 명태전,클래식 조합
청주/사케/전통주,해물 명태전,클래식 조합
소주,숯불 살라미,클래식 조합
맥주,숯불 살라미,클래식 조합
화이트 와인,치즈 밀푀유나베,클래식 조합
청주/사케/전통주,치즈 밀푀유나베,클래식 조합
화이트 와인,특제 가라아게(일본식 닭튀김),클래식 조합
청주/사케/전통주,특제 가라아게(일본식 닭튀김),클래식 조합
소주,전통 다크 초콜릿,클래식 조합
맥주,전통 다크 초콜릿,클래식 조합
소주,매운 초콜릿,클래식 조합
맥주,매운 초콜릿,클래식 조합
소주,치즈 양념이 진한 김치,클래식 조합
막걸리,치즈 양념이 진한 김치,클래식 조합
청주/사케/전통주,치즈 양념이 진한 김치,클래식 조합
맥주,갈릭 쥐포튀김,클래식 조합
스파클링 와인,갈릭 쥐포튀김,클래식 조합
칵테일,갈릭 쥐포튀김,클래식 조합
소주,숯불 양송이 까나페,클래식 조합
맥주,숯불 양송이 까나페,클래식 조합
소주,치즈 뼈해장국,클래식 조합
맥주,치즈 뼈해장국,클래식 조합
소주,전통 광어회,클래식 조합
맥주,전통 광어회,클래식 조합
소주,갈릭 어향동고,클래식 조합
맥주,갈릭 어향동고,클래식 조합
소주,매운 육전,클래식 조합
막걸리,매운 육전,클래식 조합
청주/사케/전통주,매운 육전,클래식 조합
소주,치즈 번데기탕,클래식 조합
맥주,치즈 번데기탕,클래식 조합
소주,숯불 해산물,클래식 조합
맥주,숯불 해산물,클래식 조합
소주,치즈 오징어볶음,클래식 조합
막걸리,치즈 오징어볶음,클래식 조합
청주/사케/전통주,치즈 오징어볶음,클래식 조합
맥주,전통 닭강정,클래식 조합
스파클링 와인,전통 닭강정,클래식 조합
칵테일,전통 닭강정,클래식 조합
소주,특제 해물탕,클래식 조합
맥주,특제 해물탕,클래식 조합
소주,특제 팽이버섯구이,클래식 조합
맥주,특제 팽이버섯구이,클래식 조합
소주,매운 조개찜,클래식 조합
막걸리,매운 조개찜,클래식 조합
청주/사케/전통주,매운 조개찜,클래식 조합
소주,숯불 돼지껍데기볶음,클래식 조합
막걸리,숯불 돼지껍데기볶음,클래식 조합
청주/사케/전통주,숯불 돼지껍데기볶음,클래식 조합
소주,갈릭 카라멜 푸딩,클래식 조합
맥주,갈릭 카라멜 푸딩,클래식 조합
맥주,달콤한 후라이드 치킨,클래식 조합
스파클링 와인,달콤한 후라이드 치킨,클래식 조합
칵테일,달콤한 후라이드 치킨,클래식 조합
맥주,해물 오징어튀김,클래식 조합
스파클링 와인,해물 오징어튀김,클래식 조합
칵테일,해물 오징어튀김,클래식 조합
소주,갈릭 너트류,클래식 조합
맥주,갈릭 너트류,클래식 조합
소주,숯불 순대볶음,클래식 조합
막걸리,숯불 순대볶음,클래식 조합
청주/사케/전통주,숯불 순대볶음,클래식 조합
소주,차돌 라면,클래식 조합
맥주,차돌 라면,클래식 조합
소주,갈릭 비프스튜,클래식 조합
맥주,갈릭 비프스튜,클래식 조합
소주,해물 냉두부,클래식 조합
막걸리,해물 냉두부,클래식 조합
청주/사케/전통주,해물 냉두부,클래식 조합
소주,특제 굴전,클래식 조합
막걸리,특제 굴전,클래식 조합
청주/사케/전통주,특제 굴전,클래식 조합
화이트 와인,갈릭 육사시미,클래식 조합
청주/사케/전통주,갈릭 육사시미,클래식 조합
소주,해물 참치뱃살과단무지마키,클래식 조합
맥주,해물 참치뱃살과단무지마키,클래식 조합
소주,전통 오징어초무침,클래식 조합
막걸리,전통 오징어초무침,클래식 조합
청주/사케/전통주,전통 오징어초무침,클래식 조합
소주,특제 편육,클래식 조합
맥주,특제 편육,클래식 조합
소주,해물 숙성회,클래식 조합
맥주,해물 숙성회,클래식 조합
소주,달콤한 알리오올리오,클래식 조합
맥주,달콤한 알리오올리오,클래식 조합
소주,숯불 기름지고 향이 강한 음식,클래식 조합
맥주,숯불 기름지고 향이 강한 음식,클래식 조합
소주,해물 하몽/살라미,클래식 조합
맥주,해물 하몽/살라미,클래식 조합
소주,특제 완자탕,클래식 조합
맥주,특제 완자탕,클래식 조합
소주,숯불 간장 양념 요리,클래식 조합
맥주,숯불 간장 양념 요리,클래식 조합
소주,매운 홍어삼합,클래식 조합
맥주,매운 홍어삼합,클래식 조합
소주,전통 갈비찜,클래식 조합
막걸리,전통 갈비찜,클래식 조합
청주/사케/전통주,전통 갈비찜,클래식 조합
맥주,특제 고구마치즈스틱,클래식 조합
스파클링 와인,특제 고구마치즈스틱,클래식 조합
칵테일,특제 고구마치즈스틱,클래식 조합
소주,달콤한 아게다시도후(두부튀김),클래식 조합
막걸리,달콤한 아게다시도후(두부튀김),클래식 조합
청주/사케/전통주,달콤한 아게다시도후(두부튀김),클래식 조합
소주,달콤한 학센,클래식 조합
맥주,달콤한 학센,클래식 조합
소주,갈릭 도미머리구이,클래식 조합
맥주,갈릭 도미머리구이,클래식 조합
화이트 와인,치즈 스시,클래식 조합
청주/사케/전통주,치즈 스시,클래식 조합
소주,전통 낙지볶음,클래식 조합
막걸리,전통 낙지볶음,클래식 조합
청주/사케/전통주,전통 낙지볶음,클래식 조합
맥주,특제 로스트 치킨,클래식 조합
스파클링 와인,특제 로스트 치킨,클래식 조합
칵테일,특제 로스트 치킨,클래식 조합
소주,갈릭 모둠 채소,클래식 조합
맥주,갈릭 모둠 채소,클래식 조합
화이트 와인,특제 창코나베,클래식 조합
청주/사케/전통주,특제 창코나베,클래식 조합
소주,달콤한 아귀포,클래식 조합
맥주,달콤한 아귀포,클래식 조합
소주,달콤한 해산물 스튜,클래식 조합
맥주,달콤한 해산물 스튜,클래식 조합
소주,해물 닭발,클래식 조합
맥주,해물 닭발,클래식 조합
소주,달콤한 훈제 오리,클래식 조합
맥주,달콤한 훈제 오리,클래식 조합
소주,전통 조개술찜,클래식 조합
막걸리,전통 조개술찜,클래식 조합
청주/사케/전통주,전통 조개술찜,클래식 조합
소주,전통 빈대떡,클래식 조합
맥주,전통 빈대떡,클래식 조합
소주,특제 소시지플래터,클래식 조합
맥주,특제 소시지플래터,클래식 조합
소주,달콤한 콘버터,클래식 조합
맥주,달콤한 콘버터,클래식 조합
소주,숯불 베이컨 숙주볶음,클래식 조합
막걸리,숯불 베이컨 숙주볶음,클래식 조합
청주/사케/전통주,숯불 베이컨 숙주볶음,클래식 조합
소주,차돌 곱창볶음,클래식 조합
막걸리,차돌 곱창볶음,클래식 조합
청주/사케/전통주,차돌 곱창볶음,클래식 조합
맥주,차돌 치킨윙,클래식 조합
스파클링 와인,차돌 치킨윙,클래식 조합
칵테일,차돌 치킨윙,클래식 조합
소주,특제 파인애플,클래식 조합
맥주,특제 파인애플,클래식 조합
소주,차돌 설렁탕,클래식 조합
맥주,차돌 설렁탕,클래식 조합
소주,매운 어묵탕(오뎅탕),클래식 조합
맥주,매운 어묵탕(오뎅탕),클래식 조합
소주,매운 우엉과순무슈토우버터소테,클래식 조합
맥주,매운 우엉과순무슈토우버터소테,클래식 조합
소주,치즈 구운 홈런볼,클래식 조합
맥주,치즈 구운 홈런볼,클래식 조합
소주,달콤한 소시지야채볶음,클래식 조합
막걸리,달콤한 소시지야채볶음,클래식 조합
청주/사케/전통주,달콤한 소시지야채볶음,클래식 조합
소주,달콤한 모듬꼬치,클래식 조합
맥주,달콤한 모듬꼬치,클래식 조합
소주,달콤한 순두부찌개,클래식 조합
막걸리,달콤한 순두부찌개,클래식 조합
청주/사케/전통주,달콤한 순두부찌개,클래식 조합
소주,갈릭 탕수육,클래식 조합
막걸리,갈릭 탕수육,클래식 조합
청주/사케/전통주,갈릭 탕수육,클래식 조합
소주,달콤한 소떡소떡,클래식 조합
맥주,달콤한 소떡소떡,클래식 조합
소주,해물 백숙,클래식 조합
맥주,해물 백숙,클래식 조합
소주,매운 곱창/막창 구이,클래식 조합
맥주,매운 곱창/막창 구이,클래식 조합
소주,해물 토마토스파게티,클래식 조합
맥주,해물 토마토스파게티,클래식 조합
소주,전통 어죽,클래식 조합
맥주,전통 어죽,클래식 조합
소주,차돌 곱창구이,클래식 조합
맥주,차돌 곱창구이,클래식 조합
맥주,달콤한 민물새우튀김,클래식 조합
스파클링 와인,달콤한 민물새우튀김,클래식 조합
칵테일,달콤한 민물새우튀김,클래식 조합
맥주,특제 고로케,클래식 조합
스파클링 와인,특제 고로케,클래식 조합
칵테일,특제 고로케,클래식 조합
소주,숯불 에다마메(풋콩),클래식 조합
맥주,숯불 에다마메(풋콩),클래식 조합
소주,차돌 아몬드,클래식 조합
맥주,차돌 아몬드,클래식 조합
소주,해물 쭈꾸미삼겹살,클래식 조합
맥주,해물 쭈꾸미삼겹살,클래식 조합
소주,갈릭 골뱅이무침,클래식 조합
막걸리,갈릭 골뱅이무침,클래식 조합
청주/사케/전통주,갈릭 골뱅이무침,클래식 조합
소주,차돌 부대찌개,클래식 조합
맥주,차돌 부대찌개,클래식 조합
소주,전통 샤인머스캣,클래식 조합
맥주,전통 샤인머스캣,클래식 조합
소주,특제 만두강정,클래식 조합
맥주,특제 만두강정,클래식 조합
소주,특제 라임과 소금,클래식 조합
맥주,특제 라임과 소금,클래식 조합
소주,특제 아이스크림,클래식 조합
맥주,특제 아이스크림,클래식 조합
소주,치즈 핫도그,클래식 조합
맥주,치즈 핫도그,클래식 조합
소주,차돌 보쌈,클래식 조합
맥주,차돌 보쌈,클래식 조합
소주,치즈 순두부파스타,클래식 조합
막걸리,치즈 순두부파스타,클래식 조합
청주/사케/전통주,치즈 순두부파스타,클래식 조합
소주,차돌 마파두부,클래식 조합
막걸리,차돌 마파두부,클래식 조합
청주/사케/전통주,차돌 마파두부,클래식 조합
맥주,트러플 크림 뇨끼,트렌드 조합
레드 와인,트러플 크림 뇨끼,트렌드 조합
화이트 와인,트러플 크림 뇨끼,트렌드 조합
스파클링 와인,트러플 크림 뇨끼,트렌드 조합
위스키/증류주,트러플 크림 뇨끼,트렌드 조합
칵테일,트러플 크림 뇨끼,트렌드 조합
맥주,바질 페스토 뇨끼,트렌드 조합
레드 와인,바질 페스토 뇨끼,트렌드 조합
화이트 와인,바질 페스토 뇨끼,트렌드 조합
스파클링 와인,바질 페스토 뇨끼,트렌드 조합
위스키/증류주,바질 페스토 뇨끼,트렌드 조합
칵테일,바질 페스토 뇨끼,트렌드 조합
화이트 와인,우니(성게알) 파스타,트렌드 조합
청주/사케/전통주,우니(성게알) 파스타,트렌드 조합
맥주,비스크 소스 파스타,트렌드 조합
레드 와인,비스크 소스 파스타,트렌드 조합
화이트 와인,비스크 소스 파스타,트렌드 조합
스파클링 와인,비스크 소스 파스타,트렌드 조합
위스키/증류주,비스크 소스 파스타,트렌드 조합
칵테일,비스크 소스 파스타,트렌드 조합
맥주,잠봉뵈르 샌드위치,트렌드 조합
레드 와인,잠봉뵈르 샌드위치,트렌드 조합
화이트 와인,잠봉뵈르 샌드위치,트렌드 조합
스파클링 와인,잠봉뵈르 샌드위치,트렌드 조합
위스키/증류주,잠봉뵈르 샌드위치,트렌드 조합
칵테일,잠봉뵈르 샌드위치,트렌드 조합
소주,잠봉 프로마쥬,트렌드 조합
맥주,잠봉 프로마쥬,트렌드 조합
소주,부라타 치즈 떡볶이,트렌드 조합
막걸리,부라타 치즈 떡볶이,트렌드 조합
청주/사케/전통주,부라타 치즈 떡볶이,트렌드 조합
소주,로제 찜닭,트렌드 조합
막걸리,로제 찜닭,트렌드 조합
청주/사케/전통주,로제 찜닭,트렌드 조합
소주,바질 크림 닭갈비,트렌드 조합
막걸리,바질 크림 닭갈비,트렌드 조합
청주/사케/전통주,바질 크림 닭갈비,트렌드 조합
소주,항정살 바질 구이,트렌드 조합
막걸리,항정살 바질 구이,트렌드 조합
청주/사케/전통주,항정살 바질 구이,트렌드 조합
맥주,미나리 항정살 파스타,트렌드 조합
레드 와인,미나리 항정살 파스타,트렌드 조합
화이트 와인,미나리 항정살 파스타,트렌드 조합
스파클링 와인,미나리 항정살 파스타,트렌드 조합
위스키/증류주,미나리 항정살 파스타,트렌드 조합
칵테일,미나리 항정살 파스타,트렌드 조합
맥주,고수 오일 파스타,트렌드 조합
레드 와인,고수 오일 파스타,트렌드 조합
화이트 와인,고수 오일 파스타,트렌드 조합
스파클링 와인,고수 오일 파스타,트렌드 조합
위스키/증류주,고수 오일 파스타,트렌드 조합
칵테일,고수 오일 파스타,트렌드 조합
맥주,라구 소스 라자냐,트렌드 조합
레드 와인,라구 소스 라자냐,트렌드 조합
화이트 와인,라구 소스 라자냐,트렌드 조합
스파클링 와인,라구 소스 라자냐,트렌드 조합
위스키/증류주,라구 소스 라자냐,트렌드 조합
칵테일,라구 소스 라자냐,트렌드 조합
맥주,화이트 라구 파스타,트렌드 조합
레드 와인,화이트 라구 파스타,트렌드 조합
화이트 와인,화이트 라구 파스타,트렌드 조합
스파클링 와인,화이트 라구 파스타,트렌드 조합
위스키/증류주,화이트 라구 파스타,트렌드 조합
칵테일,화이트 라구 파스타,트렌드 조합
맥주,먹물 리조또,트렌드 조합
레드 와인,먹물 리조또,트렌드 조합
화이트 와인,먹물 리조또,트렌드 조합
스파클링 와인,먹물 리조또,트렌드 조합
위스키/증류주,먹물 리조또,트렌드 조합
칵테일,먹물 리조또,트렌드 조합
소주,샤퀴테리 플래터,트렌드 조합
맥주,샤퀴테리 플래터,트렌드 조합
소주,브리치즈 구이 (꿀/견과류),트렌드 조합
막걸리,브리치즈 구이 (꿀/견과류),트렌드 조합
청주/사케/전통주,브리치즈 구이 (꿀/견과류),트렌드 조합
소주,프로슈토&멜론,트렌드 조합
맥주,프로슈토&멜론,트렌드 조합
소주,스페인식 문어요리 (뽈뽀),트렌드 조합
맥주,스페인식 문어요리 (뽈뽀),트렌드 조합
소주,관자 버터구이,트렌드 조합
막걸리,관자 버터구이,트렌드 조합
청주/사케/전통주,관자 버터구이,트렌드 조합
소주,레몬 버터 쉬림프,트렌드 조합
맥주,레몬 버터 쉬림프,트렌드 조합
화이트 와인,닭껍질 교자,트렌드 조합
청주/사케/전통주,닭껍질 교자,트렌드 조합
소주,소고기 타르타르,트렌드 조합
맥주,소고기 타르타르,트렌드 조합
소주,연어 그라브락스,트렌드 조합
맥주,연어 그라브락스,트렌드 조합
소주,아보카도 브루스케타,트렌드 조합
맥주,아보카도 브루스케타,트렌드 조합
소주,토마토 브루스케타,트렌드 조합
맥주,토마토 브루스케타,트렌드 조합
소주,버섯 크림 브루스케타,트렌드 조합
맥주,버섯 크림 브루스케타,트렌드 조합
소주,스카치 에그,트렌드 조합
맥주,스카치 에그,트렌드 조합
맥주,크림치즈 곶감말이,트렌드 조합
레드 와인,크림치즈 곶감말이,트렌드 조합
화이트 와인,크림치즈 곶감말이,트렌드 조합
스파클링 와인,크림치즈 곶감말이,트렌드 조합
위스키/증류주,크림치즈 곶감말이,트렌드 조합
칵테일,크림치즈 곶감말이,트렌드 조합
맥주,피스타치오 크림치즈,트렌드 조합
레드 와인,피스타치오 크림치즈,트렌드 조합
화이트 와인,피스타치오 크림치즈,트렌드 조합
스파클링 와인,피스타치오 크림치즈,트렌드 조합
위스키/증류주,피스타치오 크림치즈,트렌드 조합
칵테일,피스타치오 크림치즈,트렌드 조합
맥주,초당옥수수 튀김,트렌드 조합
스파클링 와인,초당옥수수 튀김,트렌드 조합
칵테일,초당옥수수 튀김,트렌드 조합
맥주,컬리플라워 튀김,트렌드 조합
스파클링 와인,컬리플라워 튀김,트렌드 조합
칵테일,컬리플라워 튀김,트렌드 조합
소주,표고버섯 탕수,트렌드 조합
막걸리,표고버섯 탕수,트렌드 조합
청주/사케/전통주,표고버섯 탕수,트렌드 조합
소주,가지 탕수,트렌드 조합
막걸리,가지 탕수,트렌드 조합
청주/사케/전통주,가지 탕수,트렌드 조합
맥주,바질 토마토 스튜,트렌드 조합
레드 와인,바질 토마토 스튜,트렌드 조합
화이트 와인,바질 토마토 스튜,트렌드 조합
스파클링 와인,바질 토마토 스튜,트렌드 조합
위스키/증류주,바질 토마토 스튜,트렌드 조합
칵테일,바질 토마토 스튜,트렌드 조합
맥주,소꼬리 스튜,트렌드 조합
레드 와인,소꼬리 스튜,트렌드 조합
화이트 와인,소꼬리 스튜,트렌드 조합
스파클링 와인,소꼬리 스튜,트렌드 조합
위스키/증류주,소꼬리 스튜,트렌드 조합
칵테일,소꼬리 스튜,트렌드 조합
맥주,수비드 채끝 스테이크,트렌드 조합
레드 와인,수비드 채끝 스테이크,트렌드 조합
화이트 와인,수비드 채끝 스테이크,트렌드 조합
스파클링 와인,수비드 채끝 스테이크,트렌드 조합
위스키/증류주,수비드 채끝 스테이크,트렌드 조합
칵테일,수비드 채끝 스테이크,트렌드 조합
맥주,이베리코 목살 스테이크,트렌드 조합
레드 와인,이베리코 목살 스테이크,트렌드 조합
화이트 와인,이베리코 목살 스테이크,트렌드 조합
스파클링 와인,이베리코 목살 스테이크,트렌드 조합
위스키/증류주,이베리코 목살 스테이크,트렌드 조합
칵테일,이베리코 목살 스테이크,트렌드 조합
소주,살치살 구이,트렌드 조합
막걸리,살치살 구이,트렌드 조합
청주/사케/전통주,살치살 구이,트렌드 조합
소주,우대갈비 구이,트렌드 조합
막걸리,우대갈비 구이,트렌드 조합
청주/사케/전통주,우대갈비 구이,트렌드 조합
소주,대창 덮밥,트렌드 조합
맥주,대창 덮밥,트렌드 조합
소주,연어장 덮밥,트렌드 조합
맥주,연어장 덮밥,트렌드 조합
화이트 와인,명란 아보카도 덮밥,트렌드 조합
청주/사케/전통주,명란 아보카도 덮밥,트렌드 조합
화이트 와인,마제소바,트렌드 조합
청주/사케/전통주,마제소바,트렌드 조합
화이트 와인,아부라소바,트렌드 조합
청주/사케/전통주,아부라소바,트렌드 조합
화이트 와인,카이센동,트렌드 조합
청주/사케/전통주,카이센동,트렌드 조합
화이트 와인,후토마끼,트렌드 조합
청주/사케/전통주,후토마끼,트렌드 조합
화이트 와인,멘치카츠,트렌드 조합
청주/사케/전통주,멘치카츠,트렌드 조합
화이트 와인,모츠나베,트렌드 조합
청주/사케/전통주,모츠나베,트렌드 조합
화이트 와인,스키야키,트렌드 조합
청주/사케/전통주,스키야키,트렌드 조합
소주,김치 부르스케타,트렌드 조합
막걸리,김치 부르스케타,트렌드 조합
청주/사케/전통주,김치 부르스케타,트렌드 조합
맥주,깻잎 페스토 파스타,트렌드 조합
레드 와인,깻잎 페스토 파스타,트렌드 조합
화이트 와인,깻잎 페스토 파스타,트렌드 조합
스파클링 와인,깻잎 페스토 파스타,트렌드 조합
위스키/증류주,깻잎 페스토 파스타,트렌드 조합
칵테일,깻잎 페스토 파스타,트렌드 조합
맥주,고추장 크림 파스타,트렌드 조합
레드 와인,고추장 크림 파스타,트렌드 조합
화이트 와인,고추장 크림 파스타,트렌드 조합
스파클링 와인,고추장 크림 파스타,트렌드 조합
위스키/증류주,고추장 크림 파스타,트렌드 조합
칵테일,고추장 크림 파스타,트렌드 조합
맥주,된장 크림 리조또,트렌드 조합
레드 와인,된장 크림 리조또,트렌드 조합
화이트 와인,된장 크림 리조또,트렌드 조합
스파클링 와인,된장 크림 리조또,트렌드 조합
위스키/증류주,된장 크림 리조또,트렌드 조합
칵테일,된장 크림 리조또,트렌드 조합
소주,묵은지 회 무침,트렌드 조합
막걸리,묵은지 회 무침,트렌드 조합
청주/사케/전통주,묵은지 회 무침,트렌드 조합
소주,육회 카르파치오,트렌드 조합
막걸리,육회 카르파치오,트렌드 조합
청주/사케/전통주,육회 카르파치오,트렌드 조합
소주,두부 딥 & 크래커,트렌드 조합
막걸리,두부 딥 & 크래커,트렌드 조합
청주/사케/전통주,두부 딥 & 크래커,트렌드 조합
맥주,나초 피자,트렌드 조합
레드 와인,나초 피자,트렌드 조합
화이트 와인,나초 피자,트렌드 조합
스파클링 와인,나초 피자,트렌드 조합
위스키/증류주,나초 피자,트렌드 조합
칵테일,나초 피자,트렌드 조합
소주,콘립 (구운 옥수수),트렌드 조합
맥주,콘립 (구운 옥수수),트렌드 조합
소주,갈릭 버터 홍합찜,트렌드 조합
막걸리,갈릭 버터 홍합찜,트렌드 조합
청주/사케/전통주,갈릭 버터 홍합찜,트렌드 조합
맥주,해물 빠에야,트렌드 조합
레드 와인,해물 빠에야,트렌드 조합
화이트 와인,해물 빠에야,트렌드 조합
스파클링 와인,해물 빠에야,트렌드 조합
위스키/증류주,해물 빠에야,트렌드 조합
칵테일,해물 빠에야,트렌드 조합
소주,채끝 짜파게티,트렌드 조합
맥주,채끝 짜파게티,트렌드 조합
소주,트러플 계란찜,트렌드 조합
막걸리,트러플 계란찜,트렌드 조합
청주/사케/전통주,트러플 계란찜,트렌드 조합
화이트 와인,명란 크림 우동,트렌드 조합
청주/사케/전통주,명란 크림 우동,트렌드 조합
맥주,순두부 그라탕,트렌드 조합
레드 와인,순두부 그라탕,트렌드 조합
화이트 와인,순두부 그라탕,트렌드 조합
스파클링 와인,순두부 그라탕,트렌드 조합
위스키/증류주,순두부 그라탕,트렌드 조합
칵테일,순두부 그라탕,트렌드 조합
소주,닭목살 소금구이,트렌드 조합
막걸리,닭목살 소금구이,트렌드 조합
청주/사케/전통주,닭목살 소금구이,트렌드 조합
맥주,닭연골 튀김 (난코츠 가라아게),트렌드 조합
스파클링 와인,닭연골 튀김 (난코츠 가라아게),트렌드 조합
칵테일,닭연골 튀김 (난코츠 가라아게),트렌드 조합
화이트 와인,우설 구이,트렌드 조합
청주/사케/전통주,우설 구이,트렌드 조합
소주,히츠마부시 (장어덮밥),트렌드 조합
맥주,히츠마부시 (장어덮밥),트렌드 조합
소주,닭 특수부위 구이,트렌드 조합
막걸리,닭 특수부위 구이,트렌드 조합
청주/사케/전통주,닭 특수부위 구이,트렌드 조합
맥주,오리 가슴살 스테이크,트렌드 조합
레드 와인,오리 가슴살 스테이크,트렌드 조합
화이트 와인,오리 가슴살 스테이크,트렌드 조합
스파클링 와인,오리 가슴살 스테이크,트렌드 조합
위스키/증류주,오리 가슴살 스테이크,트렌드 조합
칵테일,오리 가슴살 스테이크,트렌드 조합
맥주,뵈프 부르기뇽,트렌드 조합
레드 와인,뵈프 부르기뇽,트렌드 조합
화이트 와인,뵈프 부르기뇽,트렌드 조합
스파클링 와인,뵈프 부르기뇽,트렌드 조합
위스키/증류주,뵈프 부르기뇽,트렌드 조합
칵테일,뵈프 부르기뇽,트렌드 조합
맥주,치킨 키예프,트렌드 조합
레드 와인,치킨 키예프,트렌드 조합
화이트 와인,치킨 키예프,트렌드 조합
스파클링 와인,치킨 키예프,트렌드 조합
위스키/증류주,치킨 키예프,트렌드 조합
칵테일,치킨 키예프,트렌드 조합
맥주,피쉬 앤 칩스,트렌드 조합
레드 와인,피쉬 앤 칩스,트렌드 조합
화이트 와인,피쉬 앤 칩스,트렌드 조합
스파클링 와인,피쉬 앤 칩스,트렌드 조합
위스키/증류주,피쉬 앤 칩스,트렌드 조합
칵테일,피쉬 앤 칩스,트렌드 조합
소주,하몽 크로켓,트렌드 조합
맥주,하몽 크로켓,트렌드 조합
화이트 와인,토마토 라멘,트렌드 조합
청주/사케/전통주,토마토 라멘,트렌드 조합
화이트 와인,카니미소(게 내장) 구이,트렌드 조합
청주/사케/전통주,카니미소(게 내장) 구이,트렌드 조합
화이트 와인,이소베마끼,트렌드 조합
청주/사케/전통주,이소베마끼,트렌드 조합
화이트 와인,닭 완자(츠쿠네)와 노른자,트렌드 조합
청주/사케/전통주,닭 완자(츠쿠네)와 노른자,트렌드 조합
위스키/증류주,마라 크림 짬뽕,트렌드 조합
소주,크림 떡볶이,트렌드 조합
막걸리,크림 떡볶이,트렌드 조합
청주/사케/전통주,크림 떡볶이,트렌드 조합
맥주,칠리 치즈 프라이,트렌드 조합
레드 와인,칠리 치즈 프라이,트렌드 조합
화이트 와인,칠리 치즈 프라이,트렌드 조합
스파클링 와인,칠리 치즈 프라이,트렌드 조합
위스키/증류주,칠리 치즈 프라이,트렌드 조합
칵테일,칠리 치즈 프라이,트렌드 조합
맥주,시저 샐러드,클래식 조합
레드 와인,시저 샐러드,클래식 조합
화이트 와인,시저 샐러드,클래식 조합
스파클링 와인,시저 샐러드,클래식 조합
위스키/증류주,시저 샐러드,클래식 조합
칵테일,시저 샐러드,클래식 조합
맥주,리코타치즈 샐러드,클래식 조합
레드 와인,리코타치즈 샐러드,클래식 조합
화이트 와인,리코타치즈 샐러드,클래식 조합
스파클링 와인,리코타치즈 샐러드,클래식 조합
위스키/증류주,리코타치즈 샐러드,클래식 조합
칵테일,리코타치즈 샐러드,클래식 조합
소주,코울슬로,클래식 조합
맥주,코울슬로,클래식 조합
소주,메시 포테이토,클래식 조합
맥주,메시 포테이토,클래식 조합
소주,버터 라이스,클래식 조합
맥주,버터 라이스,클래식 조합
소주,갈릭 라이스,클래식 조합
맥주,갈릭 라이스,클래식 조합
소주,고구마 스틱,클래식 조합
맥주,고구마 스틱,클래식 조합
맥주,연유 튀김,클래식 조합
스파클링 와인,연유 튀김,클래식 조합
칵테일,연유 튀김,클래식 조합
맥주,아이스크림 튀김,클래식 조합
스파클링 와인,아이스크림 튀김,클래식 조합
칵테일,아이스크림 튀김,클래식 조합
맥주,시나몬 츄러스,클래식 조합
레드 와인,시나몬 츄러스,클래식 조합
화이트 와인,시나몬 츄러스,클래식 조합
스파클링 와인,시나몬 츄러스,클래식 조합
위스키/증류주,시나몬 츄러스,클래식 조합
칵테일,시나몬 츄러스,클래식 조합
소주,에그 타르트,클래식 조합
맥주,에그 타르트,클래식 조합
맥주,바스크 치즈케이크,클래식 조합
레드 와인,바스크 치즈케이크,클래식 조합
화이트 와인,바스크 치즈케이크,클래식 조합
스파클링 와인,바스크 치즈케이크,클래식 조합
위스키/증류주,바스크 치즈케이크,클래식 조합
칵테일,바스크 치즈케이크,클래식 조합
소주,티라미수,클래식 조합
맥주,티라미수,클래식 조합
소주,판나코타,클래식 조합
맥주,판나코타,클래식 조합
소주,셔벗,클래식 조합
맥주,셔벗,클래식 조합
소주,과메기 (포항/경북),클래식 조합
맥주,과메기 (포항/경북),클래식 조합
소주,물회 (강원/포항),클래식 조합
막걸리,물회 (강원/포항),클래식 조합
청주/사케/전통주,물회 (강원/포항),클래식 조합
소주,도루묵 구이/찌개 (강원),클래식 조합
막걸리,도루묵 구이/찌개 (강원),클래식 조합
청주/사케/전통주,도루묵 구이/찌개 (강원),클래식 조합
소주,섭국 (양양/속초),클래식 조합
맥주,섭국 (양양/속초),클래식 조합
소주,오징어순대 (속초),클래식 조합
막걸리,오징어순대 (속초),클래식 조합
청주/사케/전통주,오징어순대 (속초),클래식 조합
소주,감자옹심이 (강원),클래식 조합
맥주,감자옹심이 (강원),클래식 조합
소주,콧등치기 국수 (정선),클래식 조합
막걸리,콧등치기 국수 (정선),클래식 조합
청주/사케/전통주,콧등치기 국수 (정선),클래식 조합
소주,올챙이 국수 (정선),클래식 조합
막걸리,올챙이 국수 (정선),클래식 조합
청주/사케/전통주,올챙이 국수 (정선),클래식 조합
소주,더덕구이 (횡성/강원),클래식 조합
막걸리,더덕구이 (횡성/강원),클래식 조합
청주/사케/전통주,더덕구이 (횡성/강원),클래식 조합
소주,황태구이/황태찜 (평창/인제),클래식 조합
막걸리,황태구이/황태찜 (평창/인제),클래식 조합
청주/사케/전통주,황태구이/황태찜 (평창/인제),클래식 조합
소주,닭갈비 (춘천),클래식 조합
막걸리,닭갈비 (춘천),클래식 조합
청주/사케/전통주,닭갈비 (춘천),클래식 조합
소주,막국수 (춘천),클래식 조합
막걸리,막국수 (춘천),클래식 조합
청주/사케/전통주,막국수 (춘천),클래식 조합
소주,어죽 (충남),클래식 조합
맥주,어죽 (충남),클래식 조합
소주,도리뱅뱅 (충북 옥천),클래식 조합
맥주,도리뱅뱅 (충북 옥천),클래식 조합
소주,올갱이(다슬기)국 (충북),클래식 조합
맥주,올갱이(다슬기)국 (충북),클래식 조합
소주,생선국수 (충북 옥천),클래식 조합
막걸리,생선국수 (충북 옥천),클래식 조합
청주/사케/전통주,생선국수 (충북 옥천),클래식 조합
소주,묵밥 (충청),클래식 조합
맥주,묵밥 (충청),클래식 조합
소주,두부두루치기 (대전),클래식 조합
막걸리,두부두루치기 (대전),클래식 조합
청주/사케/전통주,두부두루치기 (대전),클래식 조합
소주,굴찜/굴구이 (천북/충남),클래식 조합
막걸리,굴찜/굴구이 (천북/충남),클래식 조합
청주/사케/전통주,굴찜/굴구이 (천북/충남),클래식 조합
소주,간재미무침 (서산/충남),클래식 조합
막걸리,간재미무침 (서산/충남),클래식 조합
청주/사케/전통주,간재미무침 (서산/충남),클래식 조합
소주,박속낙지탕 (서산/충남),클래식 조합
막걸리,박속낙지탕 (서산/충남),클래식 조합
청주/사케/전통주,박속낙지탕 (서산/충남),클래식 조합
소주,홍어삼합 (나주/전남),클래식 조합
막걸리,홍어삼합 (나주/전남),클래식 조합
청주/사케/전통주,홍어삼합 (나주/전남),클래식 조합
소주,육전 (광주/전남),클래식 조합
막걸리,육전 (광주/전남),클래식 조합
청주/사케/전통주,육전 (광주/전남),클래식 조합
소주,꼬막무침/꼬막비빔밥 (벌교/전남),클래식 조합
막걸리,꼬막무침/꼬막비빔밥 (벌교/전남),클래식 조합
청주/사케/전통주,꼬막무침/꼬막비빔밥 (벌교/전남),클래식 조합
소주,장어구이 (고창/전북),클래식 조합
막걸리,장어구이 (고창/전북),클래식 조합
청주/사케/전통주,장어구이 (고창/전북),클래식 조합
소주,피순대/순대국밥 (전주),클래식 조합
막걸리,피순대/순대국밥 (전주),클래식 조합
청주/사케/전통주,피순대/순대국밥 (전주),클래식 조합
소주,콩나물국밥 (전주),클래식 조합
막걸리,콩나물국밥 (전주),클래식 조합
청주/사케/전통주,콩나물국밥 (전주),클래식 조합
소주,애호박찌개 (광주),클래식 조합
막걸리,애호박찌개 (광주),클래식 조합
청주/사케/전통주,애호박찌개 (광주),클래식 조합
소주,병어조림 (목포/신안),클래식 조합
막걸리,병어조림 (목포/신안),클래식 조합
청주/사케/전통주,병어조림 (목포/신안),클래식 조합
소주,짱뚱어탕 (순천/전남),클래식 조합
막걸리,짱뚱어탕 (순천/전남),클래식 조합
청주/사케/전통주,짱뚱어탕 (순천/전남),클래식 조합
소주,돼지국밥 (부산/경남),클래식 조합
막걸리,돼지국밥 (부산/경남),클래식 조합
청주/사케/전통주,돼지국밥 (부산/경남),클래식 조합
소주,밀면 (부산),클래식 조합
맥주,밀면 (부산),클래식 조합
소주,아귀찜/아구찜 (마산/경남),클래식 조합
막걸리,아귀찜/아구찜 (마산/경남),클래식 조합
청주/사케/전통주,아귀찜/아구찜 (마산/경남),클래식 조합
소주,동래파전 (부산),클래식 조합
막걸리,동래파전 (부산),클래식 조합
청주/사케/전통주,동래파전 (부산),클래식 조합
소주,재첩국 (하동/경남),클래식 조합
맥주,재첩국 (하동/경남),클래식 조합
소주,진주냉면 (진주/경남),클래식 조합
막걸리,진주냉면 (진주/경남),클래식 조합
청주/사케/전통주,진주냉면 (진주/경남),클래식 조합
소주,뭉티기(생고기) (대구),클래식 조합
맥주,뭉티기(생고기) (대구),클래식 조합
소주,막창구이 (대구),클래식 조합
막걸리,막창구이 (대구),클래식 조합
청주/사케/전통주,막창구이 (대구),클래식 조합
소주,따로국밥 (대구),클래식 조합
막걸리,따로국밥 (대구),클래식 조합
청주/사케/전통주,따로국밥 (대구),클래식 조합
소주,안동찜닭 (안동),클래식 조합
막걸리,안동찜닭 (안동),클래식 조합
청주/사케/전통주,안동찜닭 (안동),클래식 조합
소주,안동간고등어 (안동),클래식 조합
맥주,안동간고등어 (안동),클래식 조합
소주,배추전 (경북),클래식 조합
막걸리,배추전 (경북),클래식 조합
청주/사케/전통주,배추전 (경북),클래식 조합
소주,돔베고기 (제주),클래식 조합
맥주,돔베고기 (제주),클래식 조합
소주,고기국수 (제주),클래식 조합
막걸리,고기국수 (제주),클래식 조합
청주/사케/전통주,고기국수 (제주),클래식 조합
소주,몸국 (제주),클래식 조합
맥주,몸국 (제주),클래식 조합
소주,갈치조림/갈치구이 (제주),클래식 조합
막걸리,갈치조림/갈치구이 (제주),클래식 조합
청주/사케/전통주,갈치조림/갈치구이 (제주),클래식 조합
소주,옥돔구이 (제주),클래식 조합
막걸리,옥돔구이 (제주),클래식 조합
청주/사케/전통주,옥돔구이 (제주),클래식 조합
소주,고사리 육개장 (제주),클래식 조합
맥주,고사리 육개장 (제주),클래식 조합
소주,흑돼지 김치찌개 (제주),클래식 조합
막걸리,흑돼지 김치찌개 (제주),클래식 조합
청주/사케/전통주,흑돼지 김치찌개 (제주),클래식 조합
소주,한치물회 (제주),클래식 조합
막걸리,한치물회 (제주),클래식 조합
청주/사케/전통주,한치물회 (제주),클래식 조합
소주,자리물회 (제주),클래식 조합
막걸리,자리물회 (제주),클래식 조합
청주/사케/전통주,자리물회 (제주),클래식 조합
소주,보말 칼국수/죽 (제주),클래식 조합
막걸리,보말 칼국수/죽 (제주),클래식 조합
청주/사케/전통주,보말 칼국수/죽 (제주),클래식 조합
소주,성게 미역국 (제주),클래식 조합
맥주,성게 미역국 (제주),클래식 조합
소주,빙떡 (제주),클래식 조합
맥주,빙떡 (제주),클래식 조합
소주,지짐누름적,클래식 조합
맥주,지짐누름적,클래식 조합
소주,섭산적,클래식 조합
맥주,섭산적,클래식 조합
소주,너비아니,클래식 조합
맥주,너비아니,클래식 조합
소주,족편,클래식 조합
맥주,족편,클래식 조합
소주,어채,클래식 조합
맥주,어채,클래식 조합
소주,붕어찜,클래식 조합
막걸리,붕어찜,클래식 조합
청주/사케/전통주,붕어찜,클래식 조합
소주,가오리찜,클래식 조합
막걸리,가오리찜,클래식 조합
청주/사케/전통주,가오리찜,클래식 조합
소주,코다리찜,클래식 조합
막걸리,코다리찜,클래식 조합
청주/사케/전통주,코다리찜,클래식 조합
소주,명태찜,클래식 조합
막걸리,명태찜,클래식 조합
청주/사케/전통주,명태찜,클래식 조합
소주,서대회무침,클래식 조합
막걸리,서대회무침,클래식 조합
청주/사케/전통주,서대회무침,클래식 조합
소주,병어회,클래식 조합
맥주,병어회,클래식 조합
소주,전어회/전어구이,클래식 조합
막걸리,전어회/전어구이,클래식 조합
청주/사케/전통주,전어회/전어구이,클래식 조합
소주,준치만두,클래식 조합
맥주,준치만두,클래식 조합
소주,어만두,클래식 조합
맥주,어만두,클래식 조합
소주,잣죽,클래식 조합
맥주,잣죽,클래식 조합
소주,호박죽,클래식 조합
맥주,호박죽,클래식 조합
소주,팥죽,클래식 조합
맥주,팥죽,클래식 조합
소주,화양적,클래식 조합
맥주,화양적,클래식 조합
소주,탕평채,클래식 조합
막걸리,탕평채,클래식 조합
청주/사케/전통주,탕평채,클래식 조합
소주,묵무침,클래식 조합
막걸리,묵무침,클래식 조합
청주/사케/전통주,묵무침,클래식 조합
소주,도라지생채,클래식 조합
맥주,도라지생채,클래식 조합
소주,파강회,클래식 조합
맥주,파강회,클래식 조합
소주,미나리강회,클래식 조합
맥주,미나리강회,클래식 조합
소주,어포,클래식 조합
맥주,어포,클래식 조합
소주,"부각 (김, 고추, 다시마)",클래식 조합
맥주,"부각 (김, 고추, 다시마)",클래식 조합
소주,튀각,클래식 조합
맥주,튀각,클래식 조합
소주,약과,클래식 조합
맥주,약과,클래식 조합
소주,한과,클래식 조합
맥주,한과,클래식 조합
소주,강정,클래식 조합
맥주,강정,클래식 조합
소주,다식,클래식 조합
맥주,다식,클래식 조합
소주,정과,클래식 조합
맥주,정과,클래식 조합
소주,식혜,클래식 조합
맥주,식혜,클래식 조합
소주,수정과,클래식 조합
맥주,수정과,클래식 조합
소주,아란치니 (이탈리아),클래식 조합
맥주,아란치니 (이탈리아),클래식 조합
소주,브루스케타 (이탈리아),클래식 조합
맥주,브루스케타 (이탈리아),클래식 조합
소주,타파스 (스페인),클래식 조합
맥주,타파스 (스페인),클래식 조합
소주,보르쉬 (동유럽),클래식 조합
맥주,보르쉬 (동유럽),클래식 조합
맥주,슈니첼 (독일/오스트리아),클래식 조합
레드 와인,슈니첼 (독일/오스트리아),클래식 조합
화이트 와인,슈니첼 (독일/오스트리아),클래식 조합
스파클링 와인,슈니첼 (독일/오스트리아),클래식 조합
위스키/증류주,슈니첼 (독일/오스트리아),클래식 조합
칵테일,슈니첼 (독일/오스트리아),클래식 조합
